{"sessionId":"717d92","runId":"unknown","hypothesisId":"H6","location":"Auth.php:input","message":"Raw input received","data":{"action":"check_session","email":"","emailLength":0,"emailBytes":""},"timestamp":1777867982397}
{"sessionId":"717d92","runId":"unknown","hypothesisId":"H6","location":"Auth.php:route","message":"Incoming auth action","data":{"action":"check_session","sessionId":"qppjee28jq7vmo9jekcgi10bf3","method":"POST"},"timestamp":1777867982401}
{"sessionId":"717d92","runId":"unknown","hypothesisId":"H6","location":"Auth.php:handleCheckSession:start","message":"Checking current session","data":{"hasUserSession":false,"hasRememberToken":false},"timestamp":1777867982404}
{"sessionId":"717d92","runId":"unknown","hypothesisId":"H6","location":"Auth.php:handleCheckSession:none","message":"No active session","data":[],"timestamp":1777867982406}
{"sessionId":"717d92","runId":"run_1777872081560","hypothesisId":"H6","location":"Auth.php:input","message":"Raw input received","data":{"action":"check_session","email":"","emailLength":0,"emailBytes":""},"timestamp":1777872081625}
{"sessionId":"717d92","runId":"run_1777872081560","hypothesisId":"H6","location":"Auth.php:route","message":"Incoming auth action","data":{"action":"check_session","sessionId":"qppjee28jq7vmo9jekcgi10bf3","method":"POST"},"timestamp":1777872081630}
{"sessionId":"717d92","runId":"run_1777872081560","hypothesisId":"H6","location":"Auth.php:handleCheckSession:start","message":"Checking current session","data":{"hasUserSession":false,"hasRememberToken":false},"timestamp":1777872081632}
{"sessionId":"717d92","runId":"run_1777872081560","hypothesisId":"H6","location":"Auth.php:handleCheckSession:none","message":"No active session","data":[],"timestamp":1777872081633}
{"sessionId":"717d92","runId":"unknown","hypothesisId":"H6","location":"Auth.php:input","message":"Raw input received","data":{"action":"check_session","email":"","emailLength":0,"emailBytes":""},"timestamp":1777872093687}
{"sessionId":"717d92","runId":"unknown","hypothesisId":"H6","location":"Auth.php:route","message":"Incoming auth action","data":{"action":"check_session","sessionId":"qppjee28jq7vmo9jekcgi10bf3","method":"POST"},"timestamp":1777872093688}
{"sessionId":"717d92","runId":"unknown","hypothesisId":"H6","location":"Auth.php:handleCheckSession:start","message":"Checking current session","data":{"hasUserSession":false,"hasRememberToken":false},"timestamp":1777872093690}
{"sessionId":"717d92","runId":"unknown","hypothesisId":"H6","location":"Auth.php:handleCheckSession:none","message":"No active session","data":[],"timestamp":1777872093693}
{"sessionId":"717d92","runId":"run_1777872237678","hypothesisId":"H6","location":"Auth.php:input","message":"Raw input received","data":{"action":"check_session","email":"","emailLength":0,"emailBytes":""},"timestamp":1777872237714}
{"sessionId":"717d92","runId":"run_1777872237678","hypothesisId":"H6","location":"Auth.php:route","message":"Incoming auth action","data":{"action":"check_session","sessionId":"qppjee28jq7vmo9jekcgi10bf3","method":"POST"},"timestamp":1777872237716}
{"sessionId":"717d92","runId":"run_1777872237678","hypothesisId":"H6","location":"Auth.php:handleCheckSession:start","message":"Checking current session","data":{"hasUserSession":false,"hasRememberToken":false},"timestamp":1777872237716}
{"sessionId":"717d92","runId":"run_1777872237678","hypothesisId":"H6","location":"Auth.php:handleCheckSession:none","message":"No active session","data":[],"timestamp":1777872237717}
{"sessionId":"717d92","runId":"run_1777872237678","hypothesisId":"H6","location":"Auth.php:input","message":"Raw input received","data":{"action":"facebook_auth","email":"","emailLength":0,"emailBytes":""},"timestamp":1777872251003}
{"sessionId":"717d92","runId":"run_1777872237678","hypothesisId":"H6","location":"Auth.php:route","message":"Incoming auth action","data":{"action":"facebook_auth","sessionId":"qppjee28jq7vmo9jekcgi10bf3","method":"POST"},"timestamp":1777872251004}
{"sessionId":"717d92","runId":"run_1777872237678","hypothesisId":"H12","location":"Auth.php:handleFacebookAuth:config","message":"Facebook auth config loaded","data":{"hasAppId":true,"hasAppSecret":true},"timestamp":1777872251005}
{"sessionId":"717d92","runId":"run_1777872237678","hypothesisId":"H8","location":"Auth.php:shutdown","message":"Fatal PHP error detected","data":{"type":1,"message":"Uncaught PDOException: SQLSTATE[42S22]: Column not found: 1054 Unknown column 'status' in 'field list' in C:\\laragon\\www\\WEBTOOLSs\\Auth.php:613\nStack trace:\n#0 C:\\laragon\\www\\WEBTOOLSs\\Auth.php(613): PDO->prepare('SELECT id, name...')\n#1 C:\\laragon\\www\\WEBTOOLSs\\Auth.php(80): handleFacebookAuth(Array)\n#2 {main}\n  thrown","file":"C:\\laragon\\www\\WEBTOOLSs\\Auth.php","line":613},"timestamp":1777872252210}
{"sessionId":"717d92","runId":"run_1777872237678","hypothesisId":"H6","location":"Auth.php:input","message":"Raw input received","data":{"action":"facebook_auth","email":"","emailLength":0,"emailBytes":""},"timestamp":1777872259545}
{"sessionId":"717d92","runId":"run_1777872237678","hypothesisId":"H6","location":"Auth.php:route","message":"Incoming auth action","data":{"action":"facebook_auth","sessionId":"qppjee28jq7vmo9jekcgi10bf3","method":"POST"},"timestamp":1777872259545}
{"sessionId":"717d92","runId":"run_1777872237678","hypothesisId":"H12","location":"Auth.php:handleFacebookAuth:config","message":"Facebook auth config loaded","data":{"hasAppId":true,"hasAppSecret":true},"timestamp":1777872259546}
{"sessionId":"717d92","runId":"run_1777872237678","hypothesisId":"H8","location":"Auth.php:shutdown","message":"Fatal PHP error detected","data":{"type":1,"message":"Uncaught PDOException: SQLSTATE[42S22]: Column not found: 1054 Unknown column 'status' in 'field list' in C:\\laragon\\www\\WEBTOOLSs\\Auth.php:613\nStack trace:\n#0 C:\\laragon\\www\\WEBTOOLSs\\Auth.php(613): PDO->prepare('SELECT id, name...')\n#1 C:\\laragon\\www\\WEBTOOLSs\\Auth.php(80): handleFacebookAuth(Array)\n#2 {main}\n  thrown","file":"C:\\laragon\\www\\WEBTOOLSs\\Auth.php","line":613},"timestamp":1777872260270}
{"sessionId":"717d92","runId":"run_1777872237678","hypothesisId":"H6","location":"Auth.php:input","message":"Raw input received","data":{"action":"facebook_auth","email":"","emailLength":0,"emailBytes":""},"timestamp":1777872285637}
{"sessionId":"717d92","runId":"run_1777872237678","hypothesisId":"H6","location":"Auth.php:route","message":"Incoming auth action","data":{"action":"facebook_auth","sessionId":"qppjee28jq7vmo9jekcgi10bf3","method":"POST"},"timestamp":1777872285637}
{"sessionId":"717d92","runId":"run_1777872237678","hypothesisId":"H12","location":"Auth.php:handleFacebookAuth:config","message":"Facebook auth config loaded","data":{"hasAppId":true,"hasAppSecret":true},"timestamp":1777872285638}
{"sessionId":"717d92","runId":"run_1777872237678","hypothesisId":"H8","location":"Auth.php:shutdown","message":"Fatal PHP error detected","data":{"type":1,"message":"Uncaught PDOException: SQLSTATE[42S22]: Column not found: 1054 Unknown column 'status' in 'field list' in C:\\laragon\\www\\WEBTOOLSs\\Auth.php:613\nStack trace:\n#0 C:\\laragon\\www\\WEBTOOLSs\\Auth.php(613): PDO->prepare('SELECT id, name...')\n#1 C:\\laragon\\www\\WEBTOOLSs\\Auth.php(80): handleFacebookAuth(Array)\n#2 {main}\n  thrown","file":"C:\\laragon\\www\\WEBTOOLSs\\Auth.php","line":613},"timestamp":1777872286417}
{"sessionId":"717d92","runId":"run_1777872237678","hypothesisId":"H6","location":"Auth.php:input","message":"Raw input received","data":{"action":"facebook_auth","email":"","emailLength":0,"emailBytes":""},"timestamp":1777872293331}
{"sessionId":"717d92","runId":"run_1777872237678","hypothesisId":"H6","location":"Auth.php:route","message":"Incoming auth action","data":{"action":"facebook_auth","sessionId":"qppjee28jq7vmo9jekcgi10bf3","method":"POST"},"timestamp":1777872293332}
{"sessionId":"717d92","runId":"run_1777872237678","hypothesisId":"H12","location":"Auth.php:handleFacebookAuth:config","message":"Facebook auth config loaded","data":{"hasAppId":true,"hasAppSecret":true},"timestamp":1777872293333}
{"sessionId":"717d92","runId":"run_1777872237678","hypothesisId":"H8","location":"Auth.php:shutdown","message":"Fatal PHP error detected","data":{"type":1,"message":"Uncaught PDOException: SQLSTATE[42S22]: Column not found: 1054 Unknown column 'status' in 'field list' in C:\\laragon\\www\\WEBTOOLSs\\Auth.php:613\nStack trace:\n#0 C:\\laragon\\www\\WEBTOOLSs\\Auth.php(613): PDO->prepare('SELECT id, name...')\n#1 C:\\laragon\\www\\WEBTOOLSs\\Auth.php(80): handleFacebookAuth(Array)\n#2 {main}\n  thrown","file":"C:\\laragon\\www\\WEBTOOLSs\\Auth.php","line":613},"timestamp":1777872294025}
{"sessionId":"717d92","runId":"run_1777872305994","hypothesisId":"H6","location":"Auth.php:input","message":"Raw input received","data":{"action":"check_session","email":"","emailLength":0,"emailBytes":""},"timestamp":1777872306025}
{"sessionId":"717d92","runId":"run_1777872305994","hypothesisId":"H6","location":"Auth.php:route","message":"Incoming auth action","data":{"action":"check_session","sessionId":"qppjee28jq7vmo9jekcgi10bf3","method":"POST"},"timestamp":1777872306026}
{"sessionId":"717d92","runId":"run_1777872305994","hypothesisId":"H6","location":"Auth.php:handleCheckSession:start","message":"Checking current session","data":{"hasUserSession":false,"hasRememberToken":false},"timestamp":1777872306027}
{"sessionId":"717d92","runId":"run_1777872305994","hypothesisId":"H6","location":"Auth.php:handleCheckSession:none","message":"No active session","data":[],"timestamp":1777872306028}
{"sessionId":"717d92","runId":"run_1777872305994","hypothesisId":"H6","location":"Auth.php:input","message":"Raw input received","data":{"action":"facebook_auth","email":"","emailLength":0,"emailBytes":""},"timestamp":1777872313847}
{"sessionId":"717d92","runId":"run_1777872305994","hypothesisId":"H6","location":"Auth.php:route","message":"Incoming auth action","data":{"action":"facebook_auth","sessionId":"qppjee28jq7vmo9jekcgi10bf3","method":"POST"},"timestamp":1777872313848}
{"sessionId":"717d92","runId":"run_1777872305994","hypothesisId":"H12","location":"Auth.php:handleFacebookAuth:config","message":"Facebook auth config loaded","data":{"hasAppId":true,"hasAppSecret":true},"timestamp":1777872313849}
{"sessionId":"717d92","runId":"run_1777872305994","hypothesisId":"H8","location":"Auth.php:shutdown","message":"Fatal PHP error detected","data":{"type":1,"message":"Uncaught PDOException: SQLSTATE[42S22]: Column not found: 1054 Unknown column 'status' in 'field list' in C:\\laragon\\www\\WEBTOOLSs\\Auth.php:613\nStack trace:\n#0 C:\\laragon\\www\\WEBTOOLSs\\Auth.php(613): PDO->prepare('SELECT id, name...')\n#1 C:\\laragon\\www\\WEBTOOLSs\\Auth.php(80): handleFacebookAuth(Array)\n#2 {main}\n  thrown","file":"C:\\laragon\\www\\WEBTOOLSs\\Auth.php","line":613},"timestamp":1777872314558}
{"sessionId":"717d92","runId":"run_1777872403005","hypothesisId":"H6","location":"Auth.php:input","message":"Raw input received","data":{"action":"check_session","email":"","emailLength":0,"emailBytes":""},"timestamp":1777872403026}
{"sessionId":"717d92","runId":"run_1777872403005","hypothesisId":"H6","location":"Auth.php:route","message":"Incoming auth action","data":{"action":"check_session","sessionId":"qppjee28jq7vmo9jekcgi10bf3","method":"POST"},"timestamp":1777872403028}
{"sessionId":"717d92","runId":"run_1777872403005","hypothesisId":"H6","location":"Auth.php:handleCheckSession:start","message":"Checking current session","data":{"hasUserSession":false,"hasRememberToken":false},"timestamp":1777872403028}
{"sessionId":"717d92","runId":"run_1777872403005","hypothesisId":"H6","location":"Auth.php:handleCheckSession:none","message":"No active session","data":[],"timestamp":1777872403029}
{"sessionId":"717d92","runId":"run_1777872403005","hypothesisId":"H6","location":"Auth.php:input","message":"Raw input received","data":{"action":"facebook_auth","email":"","emailLength":0,"emailBytes":""},"timestamp":1777872409402}
{"sessionId":"717d92","runId":"run_1777872403005","hypothesisId":"H6","location":"Auth.php:route","message":"Incoming auth action","data":{"action":"facebook_auth","sessionId":"qppjee28jq7vmo9jekcgi10bf3","method":"POST"},"timestamp":1777872409402}
{"sessionId":"717d92","runId":"run_1777872403005","hypothesisId":"H12","location":"Auth.php:handleFacebookAuth:config","message":"Facebook auth config loaded","data":{"hasAppId":true,"hasAppSecret":true},"timestamp":1777872409403}
{"sessionId":"717d92","runId":"run_1777872403005","hypothesisId":"H8","location":"Auth.php:shutdown","message":"Fatal PHP error detected","data":{"type":1,"message":"Uncaught PDOException: SQLSTATE[42S22]: Column not found: 1054 Unknown column 'status' in 'field list' in C:\\laragon\\www\\WEBTOOLSs\\Auth.php:613\nStack trace:\n#0 C:\\laragon\\www\\WEBTOOLSs\\Auth.php(613): PDO->prepare('SELECT id, name...')\n#1 C:\\laragon\\www\\WEBTOOLSs\\Auth.php(80): handleFacebookAuth(Array)\n#2 {main}\n  thrown","file":"C:\\laragon\\www\\WEBTOOLSs\\Auth.php","line":613},"timestamp":1777872410173}
{"sessionId":"717d92","runId":"run_1777872403005","hypothesisId":"H6","location":"Auth.php:input","message":"Raw input received","data":{"action":"login","email":"wrift739@gmail.com","emailLength":18,"emailBytes":"777269667437333940676d61696c2e636f6d"},"timestamp":1777872417500}
{"sessionId":"717d92","runId":"run_1777872403005","hypothesisId":"H6","location":"Auth.php:route","message":"Incoming auth action","data":{"action":"login","sessionId":"qppjee28jq7vmo9jekcgi10bf3","method":"POST"},"timestamp":1777872417500}
{"sessionId":"717d92","runId":"run_1777872403005","hypothesisId":"H1","location":"Auth.php:handleLogin:start","message":"Login request received","data":{"email":"wrift739@gmail.com","hasPassword":true,"sessionId":"qppjee28jq7vmo9jekcgi10bf3"},"timestamp":1777872417501}
{"sessionId":"717d92","runId":"run_1777872403005","hypothesisId":"H1","location":"Auth.php:handleLogin:userFetch","message":"User fetched from DB","data":{"email":"wrift739@gmail.com","userFound":true,"userProvider":"facebook"},"timestamp":1777872417510}
{"sessionId":"717d92","runId":"run_1777872403005","hypothesisId":"H1","location":"Auth.php:handleLogin:notAdmin","message":"Admin check FAILED - email does NOT match admin@gmail.com","data":{"email":"wrift739@gmail.com","emailLength":18,"expected":"admin@gmail.com"},"timestamp":1777872417510}
{"sessionId":"717d92","runId":"run_1777872403005","hypothesisId":"H6","location":"Auth.php:input","message":"Raw input received","data":{"action":"facebook_auth","email":"","emailLength":0,"emailBytes":""},"timestamp":1777872429883}
{"sessionId":"717d92","runId":"run_1777872403005","hypothesisId":"H6","location":"Auth.php:route","message":"Incoming auth action","data":{"action":"facebook_auth","sessionId":"qppjee28jq7vmo9jekcgi10bf3","method":"POST"},"timestamp":1777872429883}
{"sessionId":"717d92","runId":"run_1777872403005","hypothesisId":"H12","location":"Auth.php:handleFacebookAuth:config","message":"Facebook auth config loaded","data":{"hasAppId":true,"hasAppSecret":true},"timestamp":1777872429884}
{"sessionId":"717d92","runId":"run_1777872403005","hypothesisId":"H8","location":"Auth.php:shutdown","message":"Fatal PHP error detected","data":{"type":1,"message":"Uncaught PDOException: SQLSTATE[42S22]: Column not found: 1054 Unknown column 'status' in 'field list' in C:\\laragon\\www\\WEBTOOLSs\\Auth.php:613\nStack trace:\n#0 C:\\laragon\\www\\WEBTOOLSs\\Auth.php(613): PDO->prepare('SELECT id, name...')\n#1 C:\\laragon\\www\\WEBTOOLSs\\Auth.php(80): handleFacebookAuth(Array)\n#2 {main}\n  thrown","file":"C:\\laragon\\www\\WEBTOOLSs\\Auth.php","line":613},"timestamp":1777872430768}
{"sessionId":"717d92","runId":"run_1777872433126","hypothesisId":"H6","location":"Auth.php:input","message":"Raw input received","data":{"action":"check_session","email":"","emailLength":0,"emailBytes":""},"timestamp":1777872433138}
{"sessionId":"717d92","runId":"run_1777872433126","hypothesisId":"H6","location":"Auth.php:route","message":"Incoming auth action","data":{"action":"check_session","sessionId":"qppjee28jq7vmo9jekcgi10bf3","method":"POST"},"timestamp":1777872433139}
{"sessionId":"717d92","runId":"run_1777872433126","hypothesisId":"H6","location":"Auth.php:handleCheckSession:start","message":"Checking current session","data":{"hasUserSession":false,"hasRememberToken":false},"timestamp":1777872433139}
{"sessionId":"717d92","runId":"run_1777872433126","hypothesisId":"H6","location":"Auth.php:handleCheckSession:none","message":"No active session","data":[],"timestamp":1777872433140}
{"sessionId":"717d92","runId":"run_1777872433839","hypothesisId":"H6","location":"Auth.php:input","message":"Raw input received","data":{"action":"check_session","email":"","emailLength":0,"emailBytes":""},"timestamp":1777872433860}
{"sessionId":"717d92","runId":"run_1777872433839","hypothesisId":"H6","location":"Auth.php:route","message":"Incoming auth action","data":{"action":"check_session","sessionId":"qppjee28jq7vmo9jekcgi10bf3","method":"POST"},"timestamp":1777872433862}
{"sessionId":"717d92","runId":"run_1777872433839","hypothesisId":"H6","location":"Auth.php:handleCheckSession:start","message":"Checking current session","data":{"hasUserSession":false,"hasRememberToken":false},"timestamp":1777872433863}
{"sessionId":"717d92","runId":"run_1777872433839","hypothesisId":"H6","location":"Auth.php:handleCheckSession:none","message":"No active session","data":[],"timestamp":1777872433865}
{"sessionId":"717d92","runId":"run_1777872433839","hypothesisId":"H6","location":"Auth.php:input","message":"Raw input received","data":{"action":"signup","email":"wrift739@gmail.com","emailLength":18,"emailBytes":"777269667437333940676d61696c2e636f6d"},"timestamp":1777872459687}
{"sessionId":"717d92","runId":"run_1777872433839","hypothesisId":"H6","location":"Auth.php:route","message":"Incoming auth action","data":{"action":"signup","sessionId":"qppjee28jq7vmo9jekcgi10bf3","method":"POST"},"timestamp":1777872459688}
{"sessionId":"717d92","runId":"run_1777872433839","hypothesisId":"H7","location":"Auth.php:handleSignup:start","message":"Signup request received","data":{"hasName":true,"email":"wrift739@gmail.com","passwordLength":9,"sessionId":"qppjee28jq7vmo9jekcgi10bf3"},"timestamp":1777872459689}
{"sessionId":"717d92","runId":"run_1777872433839","hypothesisId":"H8","location":"Auth.php:shutdown","message":"Fatal PHP error detected","data":{"type":1,"message":"Uncaught PDOException: SQLSTATE[42S22]: Column not found: 1054 Unknown column 'email_verified' in 'field list' in C:\\laragon\\www\\WEBTOOLSs\\Auth.php:137\nStack trace:\n#0 C:\\laragon\\www\\WEBTOOLSs\\Auth.php(137): PDO->prepare('SELECT id, emai...')\n#1 C:\\laragon\\www\\WEBTOOLSs\\Auth.php(75): handleSignup(Array)\n#2 {main}\n  thrown","file":"C:\\laragon\\www\\WEBTOOLSs\\Auth.php","line":137},"timestamp":1777872459718}
{"sessionId":"717d92","runId":"run_1777872433839","hypothesisId":"H6","location":"Auth.php:input","message":"Raw input received","data":{"action":"signup","email":"wrift739@gmail.com","emailLength":18,"emailBytes":"777269667437333940676d61696c2e636f6d"},"timestamp":1777872462499}
{"sessionId":"717d92","runId":"run_1777872433839","hypothesisId":"H6","location":"Auth.php:route","message":"Incoming auth action","data":{"action":"signup","sessionId":"qppjee28jq7vmo9jekcgi10bf3","method":"POST"},"timestamp":1777872462499}
{"sessionId":"717d92","runId":"run_1777872433839","hypothesisId":"H7","location":"Auth.php:handleSignup:start","message":"Signup request received","data":{"hasName":true,"email":"wrift739@gmail.com","passwordLength":9,"sessionId":"qppjee28jq7vmo9jekcgi10bf3"},"timestamp":1777872462500}
{"sessionId":"717d92","runId":"run_1777872433839","hypothesisId":"H8","location":"Auth.php:shutdown","message":"Fatal PHP error detected","data":{"type":1,"message":"Uncaught PDOException: SQLSTATE[42S22]: Column not found: 1054 Unknown column 'email_verified' in 'field list' in C:\\laragon\\www\\WEBTOOLSs\\Auth.php:137\nStack trace:\n#0 C:\\laragon\\www\\WEBTOOLSs\\Auth.php(137): PDO->prepare('SELECT id, emai...')\n#1 C:\\laragon\\www\\WEBTOOLSs\\Auth.php(75): handleSignup(Array)\n#2 {main}\n  thrown","file":"C:\\laragon\\www\\WEBTOOLSs\\Auth.php","line":137},"timestamp":1777872462506}
{"sessionId":"717d92","runId":"run_1777872433839","hypothesisId":"H6","location":"Auth.php:input","message":"Raw input received","data":{"action":"signup","email":"wrift739@gmail.com","emailLength":18,"emailBytes":"777269667437333940676d61696c2e636f6d"},"timestamp":1777872462939}
{"sessionId":"717d92","runId":"run_1777872433839","hypothesisId":"H6","location":"Auth.php:route","message":"Incoming auth action","data":{"action":"signup","sessionId":"qppjee28jq7vmo9jekcgi10bf3","method":"POST"},"timestamp":1777872462940}
{"sessionId":"717d92","runId":"run_1777872433839","hypothesisId":"H7","location":"Auth.php:handleSignup:start","message":"Signup request received","data":{"hasName":true,"email":"wrift739@gmail.com","passwordLength":9,"sessionId":"qppjee28jq7vmo9jekcgi10bf3"},"timestamp":1777872462940}
{"sessionId":"717d92","runId":"run_1777872433839","hypothesisId":"H8","location":"Auth.php:shutdown","message":"Fatal PHP error detected","data":{"type":1,"message":"Uncaught PDOException: SQLSTATE[42S22]: Column not found: 1054 Unknown column 'email_verified' in 'field list' in C:\\laragon\\www\\WEBTOOLSs\\Auth.php:137\nStack trace:\n#0 C:\\laragon\\www\\WEBTOOLSs\\Auth.php(137): PDO->prepare('SELECT id, emai...')\n#1 C:\\laragon\\www\\WEBTOOLSs\\Auth.php(75): handleSignup(Array)\n#2 {main}\n  thrown","file":"C:\\laragon\\www\\WEBTOOLSs\\Auth.php","line":137},"timestamp":1777872462957}
{"sessionId":"717d92","runId":"run_1777872433839","hypothesisId":"H6","location":"Auth.php:input","message":"Raw input received","data":{"action":"signup","email":"wrift739@gmail.com","emailLength":18,"emailBytes":"777269667437333940676d61696c2e636f6d"},"timestamp":1777872463122}
{"sessionId":"717d92","runId":"run_1777872433839","hypothesisId":"H6","location":"Auth.php:route","message":"Incoming auth action","data":{"action":"signup","sessionId":"qppjee28jq7vmo9jekcgi10bf3","method":"POST"},"timestamp":1777872463123}
{"sessionId":"717d92","runId":"run_1777872433839","hypothesisId":"H7","location":"Auth.php:handleSignup:start","message":"Signup request received","data":{"hasName":true,"email":"wrift739@gmail.com","passwordLength":9,"sessionId":"qppjee28jq7vmo9jekcgi10bf3"},"timestamp":1777872463124}
{"sessionId":"717d92","runId":"run_1777872433839","hypothesisId":"H8","location":"Auth.php:shutdown","message":"Fatal PHP error detected","data":{"type":1,"message":"Uncaught PDOException: SQLSTATE[42S22]: Column not found: 1054 Unknown column 'email_verified' in 'field list' in C:\\laragon\\www\\WEBTOOLSs\\Auth.php:137\nStack trace:\n#0 C:\\laragon\\www\\WEBTOOLSs\\Auth.php(137): PDO->prepare('SELECT id, emai...')\n#1 C:\\laragon\\www\\WEBTOOLSs\\Auth.php(75): handleSignup(Array)\n#2 {main}\n  thrown","file":"C:\\laragon\\www\\WEBTOOLSs\\Auth.php","line":137},"timestamp":1777872463168}
{"sessionId":"717d92","runId":"run_1777872433839","hypothesisId":"H6","location":"Auth.php:input","message":"Raw input received","data":{"action":"signup","email":"wrift739@gmail.com","emailLength":18,"emailBytes":"777269667437333940676d61696c2e636f6d"},"timestamp":1777872463297}
{"sessionId":"717d92","runId":"run_1777872433839","hypothesisId":"H6","location":"Auth.php:route","message":"Incoming auth action","data":{"action":"signup","sessionId":"qppjee28jq7vmo9jekcgi10bf3","method":"POST"},"timestamp":1777872463297}
{"sessionId":"717d92","runId":"run_1777872433839","hypothesisId":"H7","location":"Auth.php:handleSignup:start","message":"Signup request received","data":{"hasName":true,"email":"wrift739@gmail.com","passwordLength":9,"sessionId":"qppjee28jq7vmo9jekcgi10bf3"},"timestamp":1777872463298}
{"sessionId":"717d92","runId":"run_1777872433839","hypothesisId":"H8","location":"Auth.php:shutdown","message":"Fatal PHP error detected","data":{"type":1,"message":"Uncaught PDOException: SQLSTATE[42S22]: Column not found: 1054 Unknown column 'email_verified' in 'field list' in C:\\laragon\\www\\WEBTOOLSs\\Auth.php:137\nStack trace:\n#0 C:\\laragon\\www\\WEBTOOLSs\\Auth.php(137): PDO->prepare('SELECT id, emai...')\n#1 C:\\laragon\\www\\WEBTOOLSs\\Auth.php(75): handleSignup(Array)\n#2 {main}\n  thrown","file":"C:\\laragon\\www\\WEBTOOLSs\\Auth.php","line":137},"timestamp":1777872463304}
{"sessionId":"717d92","runId":"run_1777872433839","hypothesisId":"H6","location":"Auth.php:input","message":"Raw input received","data":{"action":"signup","email":"wrift739@gmail.com","emailLength":18,"emailBytes":"777269667437333940676d61696c2e636f6d"},"timestamp":1777872463606}
{"sessionId":"717d92","runId":"run_1777872433839","hypothesisId":"H6","location":"Auth.php:route","message":"Incoming auth action","data":{"action":"signup","sessionId":"qppjee28jq7vmo9jekcgi10bf3","method":"POST"},"timestamp":1777872463607}
{"sessionId":"717d92","runId":"run_1777872433839","hypothesisId":"H7","location":"Auth.php:handleSignup:start","message":"Signup request received","data":{"hasName":true,"email":"wrift739@gmail.com","passwordLength":9,"sessionId":"qppjee28jq7vmo9jekcgi10bf3"},"timestamp":1777872463607}
{"sessionId":"717d92","runId":"run_1777872433839","hypothesisId":"H8","location":"Auth.php:shutdown","message":"Fatal PHP error detected","data":{"type":1,"message":"Uncaught PDOException: SQLSTATE[42S22]: Column not found: 1054 Unknown column 'email_verified' in 'field list' in C:\\laragon\\www\\WEBTOOLSs\\Auth.php:137\nStack trace:\n#0 C:\\laragon\\www\\WEBTOOLSs\\Auth.php(137): PDO->prepare('SELECT id, emai...')\n#1 C:\\laragon\\www\\WEBTOOLSs\\Auth.php(75): handleSignup(Array)\n#2 {main}\n  thrown","file":"C:\\laragon\\www\\WEBTOOLSs\\Auth.php","line":137},"timestamp":1777872463628}
{"sessionId":"717d92","runId":"run_1777872433839","hypothesisId":"H6","location":"Auth.php:input","message":"Raw input received","data":{"action":"facebook_auth","email":"","emailLength":0,"emailBytes":""},"timestamp":1777872470992}
{"sessionId":"717d92","runId":"run_1777872433839","hypothesisId":"H6","location":"Auth.php:route","message":"Incoming auth action","data":{"action":"facebook_auth","sessionId":"qppjee28jq7vmo9jekcgi10bf3","method":"POST"},"timestamp":1777872470993}
{"sessionId":"717d92","runId":"run_1777872433839","hypothesisId":"H12","location":"Auth.php:handleFacebookAuth:config","message":"Facebook auth config loaded","data":{"hasAppId":true,"hasAppSecret":true},"timestamp":1777872470993}
{"sessionId":"717d92","runId":"run_1777872433839","hypothesisId":"H8","location":"Auth.php:shutdown","message":"Fatal PHP error detected","data":{"type":1,"message":"Uncaught PDOException: SQLSTATE[42S22]: Column not found: 1054 Unknown column 'status' in 'field list' in C:\\laragon\\www\\WEBTOOLSs\\Auth.php:613\nStack trace:\n#0 C:\\laragon\\www\\WEBTOOLSs\\Auth.php(613): PDO->prepare('SELECT id, name...')\n#1 C:\\laragon\\www\\WEBTOOLSs\\Auth.php(80): handleFacebookAuth(Array)\n#2 {main}\n  thrown","file":"C:\\laragon\\www\\WEBTOOLSs\\Auth.php","line":613},"timestamp":1777872472297}
{"sessionId":"717d92","runId":"run_1777872480735","hypothesisId":"H6","location":"Auth.php:input","message":"Raw input received","data":{"action":"check_session","email":"","emailLength":0,"emailBytes":""},"timestamp":1777872480763}
{"sessionId":"717d92","runId":"run_1777872480735","hypothesisId":"H6","location":"Auth.php:route","message":"Incoming auth action","data":{"action":"check_session","sessionId":"qppjee28jq7vmo9jekcgi10bf3","method":"POST"},"timestamp":1777872480764}
{"sessionId":"717d92","runId":"run_1777872480735","hypothesisId":"H6","location":"Auth.php:handleCheckSession:start","message":"Checking current session","data":{"hasUserSession":false,"hasRememberToken":false},"timestamp":1777872480765}
{"sessionId":"717d92","runId":"run_1777872480735","hypothesisId":"H6","location":"Auth.php:handleCheckSession:none","message":"No active session","data":[],"timestamp":1777872480766}
{"sessionId":"717d92","runId":"run_1777872582828","hypothesisId":"H6","location":"Auth.php:input","message":"Raw input received","data":{"action":"check_session","email":"","emailLength":0,"emailBytes":""},"timestamp":1777872582847}
{"sessionId":"717d92","runId":"run_1777872582828","hypothesisId":"H6","location":"Auth.php:route","message":"Incoming auth action","data":{"action":"check_session","sessionId":"qppjee28jq7vmo9jekcgi10bf3","method":"POST"},"timestamp":1777872582848}
{"sessionId":"717d92","runId":"run_1777872582828","hypothesisId":"H6","location":"Auth.php:handleCheckSession:start","message":"Checking current session","data":{"hasUserSession":false,"hasRememberToken":false},"timestamp":1777872582850}
{"sessionId":"717d92","runId":"run_1777872582828","hypothesisId":"H6","location":"Auth.php:handleCheckSession:none","message":"No active session","data":[],"timestamp":1777872582850}
{"sessionId":"717d92","runId":"unknown","hypothesisId":"H6","location":"Auth.php:input","message":"Raw input received","data":{"action":"check_session","email":"","emailLength":0,"emailBytes":""},"timestamp":1777892216300}
{"sessionId":"717d92","runId":"unknown","hypothesisId":"H6","location":"Auth.php:route","message":"Incoming auth action","data":{"action":"check_session","sessionId":"vafjmqbbso3pregp3i3640c4ub","method":"POST"},"timestamp":1777892216305}
{"sessionId":"717d92","runId":"unknown","hypothesisId":"H6","location":"Auth.php:handleCheckSession:start","message":"Checking current session","data":{"hasUserSession":false,"hasRememberToken":false},"timestamp":1777892216307}
{"sessionId":"717d92","runId":"unknown","hypothesisId":"H6","location":"Auth.php:handleCheckSession:none","message":"No active session","data":[],"timestamp":1777892216307}
{"sessionId":"717d92","runId":"run_1778030899972","hypothesisId":"H6","location":"Auth.php:input","message":"Raw input received","data":{"action":"check_session","email":"","emailLength":0,"emailBytes":""},"timestamp":1778030900001}
{"sessionId":"717d92","runId":"run_1778030899972","hypothesisId":"H6","location":"Auth.php:route","message":"Incoming auth action","data":{"action":"check_session","sessionId":"cbci5fe8sei2ehftr7nunm11fa","method":"POST"},"timestamp":1778030900006}
{"sessionId":"717d92","runId":"run_1778030899972","hypothesisId":"H6","location":"Auth.php:handleCheckSession:start","message":"Checking current session","data":{"hasUserSession":false,"hasRememberToken":false},"timestamp":1778030900007}
{"sessionId":"717d92","runId":"run_1778030899972","hypothesisId":"H6","location":"Auth.php:handleCheckSession:none","message":"No active session","data":[],"timestamp":1778030900008}
{"sessionId":"717d92","runId":"run_1778030977174","hypothesisId":"H6","location":"Auth.php:input","message":"Raw input received","data":{"action":"check_session","email":"","emailLength":0,"emailBytes":""},"timestamp":1778030977207}
{"sessionId":"717d92","runId":"run_1778030977174","hypothesisId":"H6","location":"Auth.php:route","message":"Incoming auth action","data":{"action":"check_session","sessionId":"cbci5fe8sei2ehftr7nunm11fa","method":"POST"},"timestamp":1778030977211}
{"sessionId":"717d92","runId":"run_1778030977174","hypothesisId":"H6","location":"Auth.php:handleCheckSession:start","message":"Checking current session","data":{"hasUserSession":false,"hasRememberToken":false},"timestamp":1778030977213}
{"sessionId":"717d92","runId":"run_1778030977174","hypothesisId":"H6","location":"Auth.php:handleCheckSession:none","message":"No active session","data":[],"timestamp":1778030977214}
{"sessionId":"717d92","runId":"run_1778036404628","hypothesisId":"H6","location":"Auth.php:input","message":"Raw input received","data":{"action":"check_session","email":"","emailLength":0,"emailBytes":""},"timestamp":1778036404646}
{"sessionId":"717d92","runId":"run_1778036404628","hypothesisId":"H6","location":"Auth.php:route","message":"Incoming auth action","data":{"action":"check_session","sessionId":"cbci5fe8sei2ehftr7nunm11fa","method":"POST"},"timestamp":1778036404647}
{"sessionId":"717d92","runId":"run_1778036404628","hypothesisId":"H6","location":"Auth.php:handleCheckSession:start","message":"Checking current session","data":{"hasUserSession":false,"hasRememberToken":false},"timestamp":1778036404647}
{"sessionId":"717d92","runId":"run_1778036404628","hypothesisId":"H6","location":"Auth.php:handleCheckSession:none","message":"No active session","data":[],"timestamp":1778036404648}
{"sessionId":"717d92","runId":"run_1778039577425","hypothesisId":"H6","location":"Auth.php:input","message":"Raw input received","data":{"action":"check_session","email":"","emailLength":0,"emailBytes":""},"timestamp":1778039577454}
{"sessionId":"717d92","runId":"run_1778039577425","hypothesisId":"H6","location":"Auth.php:route","message":"Incoming auth action","data":{"action":"check_session","sessionId":"cbci5fe8sei2ehftr7nunm11fa","method":"POST"},"timestamp":1778039577458}
{"sessionId":"717d92","runId":"run_1778039577425","hypothesisId":"H6","location":"Auth.php:handleCheckSession:start","message":"Checking current session","data":{"hasUserSession":false,"hasRememberToken":false},"timestamp":1778039577459}
{"sessionId":"717d92","runId":"run_1778039577425","hypothesisId":"H6","location":"Auth.php:handleCheckSession:none","message":"No active session","data":[],"timestamp":1778039577459}
{"sessionId":"717d92","runId":"run_1778039672126","hypothesisId":"H6","location":"Auth.php:input","message":"Raw input received","data":{"action":"check_session","email":"","emailLength":0,"emailBytes":""},"timestamp":1778039672161}
{"sessionId":"717d92","runId":"run_1778039672126","hypothesisId":"H6","location":"Auth.php:route","message":"Incoming auth action","data":{"action":"check_session","sessionId":"cbci5fe8sei2ehftr7nunm11fa","method":"POST"},"timestamp":1778039672165}
{"sessionId":"717d92","runId":"run_1778039672126","hypothesisId":"H6","location":"Auth.php:handleCheckSession:start","message":"Checking current session","data":{"hasUserSession":false,"hasRememberToken":false},"timestamp":1778039672166}
{"sessionId":"717d92","runId":"run_1778039672126","hypothesisId":"H6","location":"Auth.php:handleCheckSession:none","message":"No active session","data":[],"timestamp":1778039672167}
{"sessionId":"717d92","runId":"unknown","hypothesisId":"H6","location":"Auth.php:input","message":"Raw input received","data":{"action":"check_session","email":"","emailLength":0,"emailBytes":""},"timestamp":1778039715154}
{"sessionId":"717d92","runId":"unknown","hypothesisId":"H6","location":"Auth.php:route","message":"Incoming auth action","data":{"action":"check_session","sessionId":"cbci5fe8sei2ehftr7nunm11fa","method":"POST"},"timestamp":1778039715155}
{"sessionId":"717d92","runId":"unknown","hypothesisId":"H6","location":"Auth.php:handleCheckSession:start","message":"Checking current session","data":{"hasUserSession":false,"hasRememberToken":false},"timestamp":1778039715155}
{"sessionId":"717d92","runId":"unknown","hypothesisId":"H6","location":"Auth.php:handleCheckSession:none","message":"No active session","data":[],"timestamp":1778039715156}
{"sessionId":"717d92","runId":"run_1778039740250","hypothesisId":"H6","location":"Auth.php:input","message":"Raw input received","data":{"action":"check_session","email":"","emailLength":0,"emailBytes":""},"timestamp":1778039740264}
{"sessionId":"717d92","runId":"run_1778039740250","hypothesisId":"H6","location":"Auth.php:route","message":"Incoming auth action","data":{"action":"check_session","sessionId":"cbci5fe8sei2ehftr7nunm11fa","method":"POST"},"timestamp":1778039740265}
{"sessionId":"717d92","runId":"run_1778039740250","hypothesisId":"H6","location":"Auth.php:handleCheckSession:start","message":"Checking current session","data":{"hasUserSession":false,"hasRememberToken":false},"timestamp":1778039740266}
{"sessionId":"717d92","runId":"run_1778039740250","hypothesisId":"H6","location":"Auth.php:handleCheckSession:none","message":"No active session","data":[],"timestamp":1778039740267}
{"sessionId":"717d92","runId":"run_1778039745502","hypothesisId":"H6","location":"Auth.php:input","message":"Raw input received","data":{"action":"check_session","email":"","emailLength":0,"emailBytes":""},"timestamp":1778039745523}
{"sessionId":"717d92","runId":"run_1778039745502","hypothesisId":"H6","location":"Auth.php:route","message":"Incoming auth action","data":{"action":"check_session","sessionId":"cbci5fe8sei2ehftr7nunm11fa","method":"POST"},"timestamp":1778039745524}
{"sessionId":"717d92","runId":"run_1778039745502","hypothesisId":"H6","location":"Auth.php:handleCheckSession:start","message":"Checking current session","data":{"hasUserSession":false,"hasRememberToken":false},"timestamp":1778039745525}
{"sessionId":"717d92","runId":"run_1778039745502","hypothesisId":"H6","location":"Auth.php:handleCheckSession:none","message":"No active session","data":[],"timestamp":1778039745526}
{"sessionId":"717d92","runId":"run_1778039745502","hypothesisId":"H6","location":"Auth.php:input","message":"Raw input received","data":{"action":"facebook_auth","email":"","emailLength":0,"emailBytes":""},"timestamp":1778039754758}
{"sessionId":"717d92","runId":"run_1778039745502","hypothesisId":"H6","location":"Auth.php:route","message":"Incoming auth action","data":{"action":"facebook_auth","sessionId":"cbci5fe8sei2ehftr7nunm11fa","method":"POST"},"timestamp":1778039754759}
{"sessionId":"717d92","runId":"run_1778039745502","hypothesisId":"H12","location":"Auth.php:handleFacebookAuth:config","message":"Facebook auth config loaded","data":{"hasAppId":true,"hasAppSecret":true},"timestamp":1778039754761}
{"sessionId":"717d92","runId":"run_1778039745502","hypothesisId":"H8","location":"Auth.php:shutdown","message":"Fatal PHP error detected","data":{"type":1,"message":"Uncaught PDOException: SQLSTATE[42S22]: Column not found: 1054 Unknown column 'status' in 'field list' in C:\\laragon\\www\\WEBTOOLSs\\Auth.php:613\nStack trace:\n#0 C:\\laragon\\www\\WEBTOOLSs\\Auth.php(613): PDO->prepare('SELECT id, name...')\n#1 C:\\laragon\\www\\WEBTOOLSs\\Auth.php(80): handleFacebookAuth(Array)\n#2 {main}\n  thrown","file":"C:\\laragon\\www\\WEBTOOLSs\\Auth.php","line":613},"timestamp":1778039756543}
{"sessionId":"717d92","runId":"run_1778039745502","hypothesisId":"H6","location":"Auth.php:input","message":"Raw input received","data":{"action":"facebook_auth","email":"","emailLength":0,"emailBytes":""},"timestamp":1778039845413}
{"sessionId":"717d92","runId":"run_1778039745502","hypothesisId":"H6","location":"Auth.php:route","message":"Incoming auth action","data":{"action":"facebook_auth","sessionId":"cbci5fe8sei2ehftr7nunm11fa","method":"POST"},"timestamp":1778039845414}
{"sessionId":"717d92","runId":"run_1778039745502","hypothesisId":"H12","location":"Auth.php:handleFacebookAuth:config","message":"Facebook auth config loaded","data":{"hasAppId":true,"hasAppSecret":true},"timestamp":1778039845415}
{"sessionId":"717d92","runId":"run_1778039745502","hypothesisId":"H8","location":"Auth.php:shutdown","message":"Fatal PHP error detected","data":{"type":1,"message":"Uncaught PDOException: SQLSTATE[42S22]: Column not found: 1054 Unknown column 'status' in 'field list' in C:\\laragon\\www\\WEBTOOLSs\\Auth.php:613\nStack trace:\n#0 C:\\laragon\\www\\WEBTOOLSs\\Auth.php(613): PDO->prepare('SELECT id, name...')\n#1 C:\\laragon\\www\\WEBTOOLSs\\Auth.php(80): handleFacebookAuth(Array)\n#2 {main}\n  thrown","file":"C:\\laragon\\www\\WEBTOOLSs\\Auth.php","line":613},"timestamp":1778039846126}
{"sessionId":"717d92","runId":"run_1778039848657","hypothesisId":"H6","location":"Auth.php:input","message":"Raw input received","data":{"action":"check_session","email":"","emailLength":0,"emailBytes":""},"timestamp":1778039848683}
{"sessionId":"717d92","runId":"run_1778039848657","hypothesisId":"H6","location":"Auth.php:route","message":"Incoming auth action","data":{"action":"check_session","sessionId":"cbci5fe8sei2ehftr7nunm11fa","method":"POST"},"timestamp":1778039848684}
{"sessionId":"717d92","runId":"run_1778039848657","hypothesisId":"H6","location":"Auth.php:handleCheckSession:start","message":"Checking current session","data":{"hasUserSession":false,"hasRememberToken":false},"timestamp":1778039848687}
{"sessionId":"717d92","runId":"run_1778039848657","hypothesisId":"H6","location":"Auth.php:handleCheckSession:none","message":"No active session","data":[],"timestamp":1778039848688}
{"sessionId":"717d92","runId":"run_1778039848657","hypothesisId":"H6","location":"Auth.php:input","message":"Raw input received","data":{"action":"facebook_auth","email":"","emailLength":0,"emailBytes":""},"timestamp":1778039856721}
{"sessionId":"717d92","runId":"run_1778039848657","hypothesisId":"H6","location":"Auth.php:route","message":"Incoming auth action","data":{"action":"facebook_auth","sessionId":"cbci5fe8sei2ehftr7nunm11fa","method":"POST"},"timestamp":1778039856724}
{"sessionId":"717d92","runId":"run_1778039848657","hypothesisId":"H12","location":"Auth.php:handleFacebookAuth:config","message":"Facebook auth config loaded","data":{"hasAppId":true,"hasAppSecret":true},"timestamp":1778039856725}
{"sessionId":"717d92","runId":"run_1778039848657","hypothesisId":"H8","location":"Auth.php:shutdown","message":"Fatal PHP error detected","data":{"type":1,"message":"Uncaught PDOException: SQLSTATE[42S22]: Column not found: 1054 Unknown column 'status' in 'field list' in C:\\laragon\\www\\WEBTOOLSs\\Auth.php:613\nStack trace:\n#0 C:\\laragon\\www\\WEBTOOLSs\\Auth.php(613): PDO->prepare('SELECT id, name...')\n#1 C:\\laragon\\www\\WEBTOOLSs\\Auth.php(80): handleFacebookAuth(Array)\n#2 {main}\n  thrown","file":"C:\\laragon\\www\\WEBTOOLSs\\Auth.php","line":613},"timestamp":1778039857420}
{"sessionId":"717d92","runId":"run_1778039865200","hypothesisId":"H6","location":"Auth.php:input","message":"Raw input received","data":{"action":"check_session","email":"","emailLength":0,"emailBytes":""},"timestamp":1778039865232}
{"sessionId":"717d92","runId":"run_1778039865200","hypothesisId":"H6","location":"Auth.php:route","message":"Incoming auth action","data":{"action":"check_session","sessionId":"cbci5fe8sei2ehftr7nunm11fa","method":"POST"},"timestamp":1778039865233}
{"sessionId":"717d92","runId":"run_1778039865200","hypothesisId":"H6","location":"Auth.php:handleCheckSession:start","message":"Checking current session","data":{"hasUserSession":false,"hasRememberToken":false},"timestamp":1778039865233}
{"sessionId":"717d92","runId":"run_1778039865200","hypothesisId":"H6","location":"Auth.php:handleCheckSession:none","message":"No active session","data":[],"timestamp":1778039865234}
{"sessionId":"717d92","runId":"run_1778039865200","hypothesisId":"H6","location":"Auth.php:input","message":"Raw input received","data":{"action":"facebook_auth","email":"","emailLength":0,"emailBytes":""},"timestamp":1778039872388}
{"sessionId":"717d92","runId":"run_1778039865200","hypothesisId":"H6","location":"Auth.php:route","message":"Incoming auth action","data":{"action":"facebook_auth","sessionId":"cbci5fe8sei2ehftr7nunm11fa","method":"POST"},"timestamp":1778039872389}
{"sessionId":"717d92","runId":"run_1778039865200","hypothesisId":"H12","location":"Auth.php:handleFacebookAuth:config","message":"Facebook auth config loaded","data":{"hasAppId":true,"hasAppSecret":true},"timestamp":1778039872390}
{"sessionId":"717d92","runId":"run_1778039865200","hypothesisId":"H8","location":"Auth.php:shutdown","message":"Fatal PHP error detected","data":{"type":1,"message":"Uncaught PDOException: SQLSTATE[42S22]: Column not found: 1054 Unknown column 'status' in 'field list' in C:\\laragon\\www\\WEBTOOLSs\\Auth.php:613\nStack trace:\n#0 C:\\laragon\\www\\WEBTOOLSs\\Auth.php(613): PDO->prepare('SELECT id, name...')\n#1 C:\\laragon\\www\\WEBTOOLSs\\Auth.php(80): handleFacebookAuth(Array)\n#2 {main}\n  thrown","file":"C:\\laragon\\www\\WEBTOOLSs\\Auth.php","line":613},"timestamp":1778039873250}
{"sessionId":"717d92","runId":"run_1778039865200","hypothesisId":"H6","location":"Auth.php:input","message":"Raw input received","data":{"action":"facebook_auth","email":"","emailLength":0,"emailBytes":""},"timestamp":1778039880655}
{"sessionId":"717d92","runId":"run_1778039865200","hypothesisId":"H6","location":"Auth.php:route","message":"Incoming auth action","data":{"action":"facebook_auth","sessionId":"cbci5fe8sei2ehftr7nunm11fa","method":"POST"},"timestamp":1778039880656}
{"sessionId":"717d92","runId":"run_1778039865200","hypothesisId":"H12","location":"Auth.php:handleFacebookAuth:config","message":"Facebook auth config loaded","data":{"hasAppId":true,"hasAppSecret":true},"timestamp":1778039880658}
{"sessionId":"717d92","runId":"run_1778039865200","hypothesisId":"H8","location":"Auth.php:shutdown","message":"Fatal PHP error detected","data":{"type":1,"message":"Uncaught PDOException: SQLSTATE[42S22]: Column not found: 1054 Unknown column 'status' in 'field list' in C:\\laragon\\www\\WEBTOOLSs\\Auth.php:613\nStack trace:\n#0 C:\\laragon\\www\\WEBTOOLSs\\Auth.php(613): PDO->prepare('SELECT id, name...')\n#1 C:\\laragon\\www\\WEBTOOLSs\\Auth.php(80): handleFacebookAuth(Array)\n#2 {main}\n  thrown","file":"C:\\laragon\\www\\WEBTOOLSs\\Auth.php","line":613},"timestamp":1778039881457}
{"sessionId":"717d92","runId":"run_1778039865200","hypothesisId":"H6","location":"Auth.php:input","message":"Raw input received","data":{"action":"facebook_auth","email":"","emailLength":0,"emailBytes":""},"timestamp":1778040224153}
{"sessionId":"717d92","runId":"run_1778039865200","hypothesisId":"H6","location":"Auth.php:route","message":"Incoming auth action","data":{"action":"facebook_auth","sessionId":"cbci5fe8sei2ehftr7nunm11fa","method":"POST"},"timestamp":1778040224157}
{"sessionId":"717d92","runId":"run_1778039865200","hypothesisId":"H12","location":"Auth.php:handleFacebookAuth:config","message":"Facebook auth config loaded","data":{"hasAppId":true,"hasAppSecret":true},"timestamp":1778040224157}
{"sessionId":"717d92","runId":"run_1778039865200","hypothesisId":"H8","location":"Auth.php:shutdown","message":"Fatal PHP error detected","data":{"type":1,"message":"Uncaught PDOException: SQLSTATE[42S22]: Column not found: 1054 Unknown column 'status' in 'field list' in C:\\laragon\\www\\WEBTOOLSs\\Auth.php:613\nStack trace:\n#0 C:\\laragon\\www\\WEBTOOLSs\\Auth.php(613): PDO->prepare('SELECT id, name...')\n#1 C:\\laragon\\www\\WEBTOOLSs\\Auth.php(80): handleFacebookAuth(Array)\n#2 {main}\n  thrown","file":"C:\\laragon\\www\\WEBTOOLSs\\Auth.php","line":613},"timestamp":1778040225241}
{"sessionId":"717d92","runId":"run_1778039865200","hypothesisId":"H6","location":"Auth.php:input","message":"Raw input received","data":{"action":"facebook_auth","email":"","emailLength":0,"emailBytes":""},"timestamp":1778040334799}
{"sessionId":"717d92","runId":"run_1778039865200","hypothesisId":"H6","location":"Auth.php:route","message":"Incoming auth action","data":{"action":"facebook_auth","sessionId":"cbci5fe8sei2ehftr7nunm11fa","method":"POST"},"timestamp":1778040334802}
{"sessionId":"717d92","runId":"run_1778039865200","hypothesisId":"H12","location":"Auth.php:handleFacebookAuth:config","message":"Facebook auth config loaded","data":{"hasAppId":true,"hasAppSecret":true},"timestamp":1778040334802}
{"sessionId":"717d92","runId":"run_1778039865200","hypothesisId":"H8","location":"Auth.php:shutdown","message":"Fatal PHP error detected","data":{"type":1,"message":"Uncaught PDOException: SQLSTATE[42S22]: Column not found: 1054 Unknown column 'status' in 'field list' in C:\\laragon\\www\\WEBTOOLSs\\Auth.php:613\nStack trace:\n#0 C:\\laragon\\www\\WEBTOOLSs\\Auth.php(613): PDO->prepare('SELECT id, name...')\n#1 C:\\laragon\\www\\WEBTOOLSs\\Auth.php(80): handleFacebookAuth(Array)\n#2 {main}\n  thrown","file":"C:\\laragon\\www\\WEBTOOLSs\\Auth.php","line":613},"timestamp":1778040335668}
{"sessionId":"717d92","runId":"run_1778039865200","hypothesisId":"H6","location":"Auth.php:input","message":"Raw input received","data":{"action":"login","email":"wrift739@gmail.com","emailLength":18,"emailBytes":"777269667437333940676d61696c2e636f6d"},"timestamp":1778040339612}
{"sessionId":"717d92","runId":"run_1778039865200","hypothesisId":"H6","location":"Auth.php:route","message":"Incoming auth action","data":{"action":"login","sessionId":"cbci5fe8sei2ehftr7nunm11fa","method":"POST"},"timestamp":1778040339613}
{"sessionId":"717d92","runId":"run_1778039865200","hypothesisId":"H1","location":"Auth.php:handleLogin:start","message":"Login request received","data":{"email":"wrift739@gmail.com","hasPassword":true,"sessionId":"cbci5fe8sei2ehftr7nunm11fa"},"timestamp":1778040339615}
{"sessionId":"717d92","runId":"run_1778039865200","hypothesisId":"H1","location":"Auth.php:handleLogin:userFetch","message":"User fetched from DB","data":{"email":"wrift739@gmail.com","userFound":true,"userProvider":"facebook"},"timestamp":1778040339671}
{"sessionId":"717d92","runId":"run_1778039865200","hypothesisId":"H1","location":"Auth.php:handleLogin:notAdmin","message":"Admin check FAILED - email does NOT match admin@gmail.com","data":{"email":"wrift739@gmail.com","emailLength":18,"expected":"admin@gmail.com"},"timestamp":1778040339672}
{"sessionId":"717d92","runId":"run_1778039865200","hypothesisId":"H6","location":"Auth.php:input","message":"Raw input received","data":{"action":"signup","email":"wrift739@gmail.com","emailLength":18,"emailBytes":"777269667437333940676d61696c2e636f6d"},"timestamp":1778040366159}
{"sessionId":"717d92","runId":"run_1778039865200","hypothesisId":"H6","location":"Auth.php:route","message":"Incoming auth action","data":{"action":"signup","sessionId":"cbci5fe8sei2ehftr7nunm11fa","method":"POST"},"timestamp":1778040366160}
{"sessionId":"717d92","runId":"run_1778039865200","hypothesisId":"H7","location":"Auth.php:handleSignup:start","message":"Signup request received","data":{"hasName":true,"email":"wrift739@gmail.com","passwordLength":8,"sessionId":"cbci5fe8sei2ehftr7nunm11fa"},"timestamp":1778040366160}
{"sessionId":"717d92","runId":"run_1778039865200","hypothesisId":"H8","location":"Auth.php:shutdown","message":"Fatal PHP error detected","data":{"type":1,"message":"Uncaught PDOException: SQLSTATE[42S22]: Column not found: 1054 Unknown column 'email_verified' in 'field list' in C:\\laragon\\www\\WEBTOOLSs\\Auth.php:137\nStack trace:\n#0 C:\\laragon\\www\\WEBTOOLSs\\Auth.php(137): PDO->prepare('SELECT id, emai...')\n#1 C:\\laragon\\www\\WEBTOOLSs\\Auth.php(75): handleSignup(Array)\n#2 {main}\n  thrown","file":"C:\\laragon\\www\\WEBTOOLSs\\Auth.php","line":137},"timestamp":1778040366212}
{"sessionId":"717d92","runId":"run_1778039865200","hypothesisId":"H6","location":"Auth.php:input","message":"Raw input received","data":{"action":"signup","email":"wrift739@gmail.com","emailLength":18,"emailBytes":"777269667437333940676d61696c2e636f6d"},"timestamp":1778040368670}
{"sessionId":"717d92","runId":"run_1778039865200","hypothesisId":"H6","location":"Auth.php:route","message":"Incoming auth action","data":{"action":"signup","sessionId":"cbci5fe8sei2ehftr7nunm11fa","method":"POST"},"timestamp":1778040368671}
{"sessionId":"717d92","runId":"run_1778039865200","hypothesisId":"H7","location":"Auth.php:handleSignup:start","message":"Signup request received","data":{"hasName":true,"email":"wrift739@gmail.com","passwordLength":8,"sessionId":"cbci5fe8sei2ehftr7nunm11fa"},"timestamp":1778040368672}
{"sessionId":"717d92","runId":"run_1778039865200","hypothesisId":"H8","location":"Auth.php:shutdown","message":"Fatal PHP error detected","data":{"type":1,"message":"Uncaught PDOException: SQLSTATE[42S22]: Column not found: 1054 Unknown column 'email_verified' in 'field list' in C:\\laragon\\www\\WEBTOOLSs\\Auth.php:137\nStack trace:\n#0 C:\\laragon\\www\\WEBTOOLSs\\Auth.php(137): PDO->prepare('SELECT id, emai...')\n#1 C:\\laragon\\www\\WEBTOOLSs\\Auth.php(75): handleSignup(Array)\n#2 {main}\n  thrown","file":"C:\\laragon\\www\\WEBTOOLSs\\Auth.php","line":137},"timestamp":1778040368716}
{"sessionId":"717d92","runId":"run_1778039865200","hypothesisId":"H6","location":"Auth.php:input","message":"Raw input received","data":{"action":"facebook_auth","email":"","emailLength":0,"emailBytes":""},"timestamp":1778040379409}
{"sessionId":"717d92","runId":"run_1778039865200","hypothesisId":"H6","location":"Auth.php:route","message":"Incoming auth action","data":{"action":"facebook_auth","sessionId":"cbci5fe8sei2ehftr7nunm11fa","method":"POST"},"timestamp":1778040379410}
{"sessionId":"717d92","runId":"run_1778039865200","hypothesisId":"H12","location":"Auth.php:handleFacebookAuth:config","message":"Facebook auth config loaded","data":{"hasAppId":true,"hasAppSecret":true},"timestamp":1778040379412}
{"sessionId":"717d92","runId":"run_1778039865200","hypothesisId":"H8","location":"Auth.php:shutdown","message":"Fatal PHP error detected","data":{"type":1,"message":"Uncaught PDOException: SQLSTATE[42S22]: Column not found: 1054 Unknown column 'status' in 'field list' in C:\\laragon\\www\\WEBTOOLSs\\Auth.php:613\nStack trace:\n#0 C:\\laragon\\www\\WEBTOOLSs\\Auth.php(613): PDO->prepare('SELECT id, name...')\n#1 C:\\laragon\\www\\WEBTOOLSs\\Auth.php(80): handleFacebookAuth(Array)\n#2 {main}\n  thrown","file":"C:\\laragon\\www\\WEBTOOLSs\\Auth.php","line":613},"timestamp":1778040380759}
{"sessionId":"717d92","runId":"run_1778040411619","hypothesisId":"H6","location":"Auth.php:input","message":"Raw input received","data":{"action":"check_session","email":"","emailLength":0,"emailBytes":""},"timestamp":1778040411631}
{"sessionId":"717d92","runId":"run_1778040411619","hypothesisId":"H6","location":"Auth.php:route","message":"Incoming auth action","data":{"action":"check_session","sessionId":"cbci5fe8sei2ehftr7nunm11fa","method":"POST"},"timestamp":1778040411632}
{"sessionId":"717d92","runId":"run_1778040411619","hypothesisId":"H6","location":"Auth.php:handleCheckSession:start","message":"Checking current session","data":{"hasUserSession":false,"hasRememberToken":false},"timestamp":1778040411632}
{"sessionId":"717d92","runId":"run_1778040411619","hypothesisId":"H6","location":"Auth.php:handleCheckSession:none","message":"No active session","data":[],"timestamp":1778040411633}
{"sessionId":"717d92","runId":"run_1778040411619","hypothesisId":"H6","location":"Auth.php:input","message":"Raw input received","data":{"action":"facebook_auth","email":"","emailLength":0,"emailBytes":""},"timestamp":1778040422529}
{"sessionId":"717d92","runId":"run_1778040411619","hypothesisId":"H6","location":"Auth.php:route","message":"Incoming auth action","data":{"action":"facebook_auth","sessionId":"cbci5fe8sei2ehftr7nunm11fa","method":"POST"},"timestamp":1778040422530}
{"sessionId":"717d92","runId":"run_1778040411619","hypothesisId":"H12","location":"Auth.php:handleFacebookAuth:config","message":"Facebook auth config loaded","data":{"hasAppId":true,"hasAppSecret":true},"timestamp":1778040422531}
{"sessionId":"717d92","runId":"run_1778040411619","hypothesisId":"H8","location":"Auth.php:shutdown","message":"Fatal PHP error detected","data":{"type":1,"message":"Uncaught PDOException: SQLSTATE[42S22]: Column not found: 1054 Unknown column 'status' in 'field list' in C:\\laragon\\www\\WEBTOOLSs\\Auth.php:613\nStack trace:\n#0 C:\\laragon\\www\\WEBTOOLSs\\Auth.php(613): PDO->prepare('SELECT id, name...')\n#1 C:\\laragon\\www\\WEBTOOLSs\\Auth.php(80): handleFacebookAuth(Array)\n#2 {main}\n  thrown","file":"C:\\laragon\\www\\WEBTOOLSs\\Auth.php","line":613},"timestamp":1778040423687}
{"sessionId":"717d92","runId":"run_1778040460601","hypothesisId":"H6","location":"Auth.php:input","message":"Raw input received","data":{"action":"check_session","email":"","emailLength":0,"emailBytes":""},"timestamp":1778040460614}
{"sessionId":"717d92","runId":"run_1778040460601","hypothesisId":"H6","location":"Auth.php:route","message":"Incoming auth action","data":{"action":"check_session","sessionId":"cbci5fe8sei2ehftr7nunm11fa","method":"POST"},"timestamp":1778040460616}
{"sessionId":"717d92","runId":"run_1778040460601","hypothesisId":"H6","location":"Auth.php:handleCheckSession:start","message":"Checking current session","data":{"hasUserSession":false,"hasRememberToken":false},"timestamp":1778040460617}
{"sessionId":"717d92","runId":"run_1778040460601","hypothesisId":"H6","location":"Auth.php:handleCheckSession:none","message":"No active session","data":[],"timestamp":1778040460618}
{"sessionId":"717d92","runId":"run_1778040460601","hypothesisId":"H6","location":"Auth.php:input","message":"Raw input received","data":{"action":"facebook_auth","email":"","emailLength":0,"emailBytes":""},"timestamp":1778040466701}
{"sessionId":"717d92","runId":"run_1778040460601","hypothesisId":"H6","location":"Auth.php:route","message":"Incoming auth action","data":{"action":"facebook_auth","sessionId":"cbci5fe8sei2ehftr7nunm11fa","method":"POST"},"timestamp":1778040466702}
{"sessionId":"717d92","runId":"run_1778040460601","hypothesisId":"H12","location":"Auth.php:handleFacebookAuth:config","message":"Facebook auth config loaded","data":{"hasAppId":true,"hasAppSecret":true},"timestamp":1778040466704}
{"sessionId":"717d92","runId":"run_1778040460601","hypothesisId":"H8","location":"Auth.php:shutdown","message":"Fatal PHP error detected","data":{"type":1,"message":"Uncaught PDOException: SQLSTATE[42S22]: Column not found: 1054 Unknown column 'status' in 'field list' in C:\\laragon\\www\\WEBTOOLSs\\Auth.php:613\nStack trace:\n#0 C:\\laragon\\www\\WEBTOOLSs\\Auth.php(613): PDO->prepare('SELECT id, name...')\n#1 C:\\laragon\\www\\WEBTOOLSs\\Auth.php(80): handleFacebookAuth(Array)\n#2 {main}\n  thrown","file":"C:\\laragon\\www\\WEBTOOLSs\\Auth.php","line":613},"timestamp":1778040467442}
{"sessionId":"717d92","runId":"run_1778040701505","hypothesisId":"H6","location":"Auth.php:input","message":"Raw input received","data":{"action":"check_session","email":"","emailLength":0,"emailBytes":""},"timestamp":1778040701529}
{"sessionId":"717d92","runId":"run_1778040701505","hypothesisId":"H6","location":"Auth.php:route","message":"Incoming auth action","data":{"action":"check_session","sessionId":"cbci5fe8sei2ehftr7nunm11fa","method":"POST"},"timestamp":1778040701530}
{"sessionId":"717d92","runId":"run_1778040701505","hypothesisId":"H6","location":"Auth.php:handleCheckSession:start","message":"Checking current session","data":{"hasUserSession":false,"hasRememberToken":false},"timestamp":1778040701530}
{"sessionId":"717d92","runId":"run_1778040701505","hypothesisId":"H6","location":"Auth.php:handleCheckSession:none","message":"No active session","data":[],"timestamp":1778040701531}
{"sessionId":"717d92","runId":"run_1778040701505","hypothesisId":"H6","location":"Auth.php:input","message":"Raw input received","data":{"action":"facebook_auth","email":"","emailLength":0,"emailBytes":""},"timestamp":1778040707606}
{"sessionId":"717d92","runId":"run_1778040701505","hypothesisId":"H6","location":"Auth.php:route","message":"Incoming auth action","data":{"action":"facebook_auth","sessionId":"cbci5fe8sei2ehftr7nunm11fa","method":"POST"},"timestamp":1778040707607}
{"sessionId":"717d92","runId":"run_1778040701505","hypothesisId":"H12","location":"Auth.php:handleFacebookAuth:config","message":"Facebook auth config loaded","data":{"hasAppId":true,"hasAppSecret":true},"timestamp":1778040707609}
{"sessionId":"717d92","runId":"run_1778040701505","hypothesisId":"H8","location":"Auth.php:shutdown","message":"Fatal PHP error detected","data":{"type":1,"message":"Uncaught PDOException: SQLSTATE[42S22]: Column not found: 1054 Unknown column 'status' in 'field list' in C:\\laragon\\www\\WEBTOOLSs\\Auth.php:613\nStack trace:\n#0 C:\\laragon\\www\\WEBTOOLSs\\Auth.php(613): PDO->prepare('SELECT id, name...')\n#1 C:\\laragon\\www\\WEBTOOLSs\\Auth.php(80): handleFacebookAuth(Array)\n#2 {main}\n  thrown","file":"C:\\laragon\\www\\WEBTOOLSs\\Auth.php","line":613},"timestamp":1778040708304}
{"sessionId":"717d92","runId":"run_1778040846819","hypothesisId":"H6","location":"Auth.php:input","message":"Raw input received","data":{"action":"check_session","email":"","emailLength":0,"emailBytes":""},"timestamp":1778040846843}
{"sessionId":"717d92","runId":"run_1778040846819","hypothesisId":"H6","location":"Auth.php:route","message":"Incoming auth action","data":{"action":"check_session","sessionId":"cbci5fe8sei2ehftr7nunm11fa","method":"POST"},"timestamp":1778040846844}
{"sessionId":"717d92","runId":"run_1778040846819","hypothesisId":"H6","location":"Auth.php:handleCheckSession:start","message":"Checking current session","data":{"hasUserSession":false,"hasRememberToken":false},"timestamp":1778040846845}
{"sessionId":"717d92","runId":"run_1778040846819","hypothesisId":"H6","location":"Auth.php:handleCheckSession:none","message":"No active session","data":[],"timestamp":1778040846845}
{"sessionId":"717d92","runId":"run_1778040846819","hypothesisId":"H6","location":"Auth.php:input","message":"Raw input received","data":{"action":"facebook_auth","email":"","emailLength":0,"emailBytes":""},"timestamp":1778040853745}
{"sessionId":"717d92","runId":"run_1778040846819","hypothesisId":"H6","location":"Auth.php:route","message":"Incoming auth action","data":{"action":"facebook_auth","sessionId":"cbci5fe8sei2ehftr7nunm11fa","method":"POST"},"timestamp":1778040853746}
{"sessionId":"717d92","runId":"run_1778040846819","hypothesisId":"H12","location":"Auth.php:handleFacebookAuth:config","message":"Facebook auth config loaded","data":{"hasAppId":true,"hasAppSecret":true},"timestamp":1778040853747}
{"sessionId":"717d92","runId":"run_1778040846819","hypothesisId":"H8","location":"Auth.php:shutdown","message":"Fatal PHP error detected","data":{"type":1,"message":"Uncaught PDOException: SQLSTATE[42S22]: Column not found: 1054 Unknown column 'status' in 'field list' in C:\\laragon\\www\\WEBTOOLSs\\Auth.php:629\nStack trace:\n#0 C:\\laragon\\www\\WEBTOOLSs\\Auth.php(629): PDO->prepare('SELECT id, name...')\n#1 C:\\laragon\\www\\WEBTOOLSs\\Auth.php(80): handleFacebookAuth(Array)\n#2 {main}\n  thrown","file":"C:\\laragon\\www\\WEBTOOLSs\\Auth.php","line":629},"timestamp":1778040854461}
{"sessionId":"717d92","runId":"run_1778040846819","hypothesisId":"H6","location":"Auth.php:input","message":"Raw input received","data":{"action":"facebook_auth","email":"","emailLength":0,"emailBytes":""},"timestamp":1778040865067}
{"sessionId":"717d92","runId":"run_1778040846819","hypothesisId":"H6","location":"Auth.php:route","message":"Incoming auth action","data":{"action":"facebook_auth","sessionId":"cbci5fe8sei2ehftr7nunm11fa","method":"POST"},"timestamp":1778040865067}
{"sessionId":"717d92","runId":"run_1778040846819","hypothesisId":"H12","location":"Auth.php:handleFacebookAuth:config","message":"Facebook auth config loaded","data":{"hasAppId":true,"hasAppSecret":true},"timestamp":1778040865068}
{"sessionId":"717d92","runId":"run_1778040846819","hypothesisId":"H8","location":"Auth.php:shutdown","message":"Fatal PHP error detected","data":{"type":1,"message":"Uncaught PDOException: SQLSTATE[42S22]: Column not found: 1054 Unknown column 'status' in 'field list' in C:\\laragon\\www\\WEBTOOLSs\\Auth.php:629\nStack trace:\n#0 C:\\laragon\\www\\WEBTOOLSs\\Auth.php(629): PDO->prepare('SELECT id, name...')\n#1 C:\\laragon\\www\\WEBTOOLSs\\Auth.php(80): handleFacebookAuth(Array)\n#2 {main}\n  thrown","file":"C:\\laragon\\www\\WEBTOOLSs\\Auth.php","line":629},"timestamp":1778040865686}
{"sessionId":"717d92","runId":"run_1778040937036","hypothesisId":"H6","location":"Auth.php:input","message":"Raw input received","data":{"action":"check_session","email":"","emailLength":0,"emailBytes":""},"timestamp":1778040937057}
{"sessionId":"717d92","runId":"run_1778040937036","hypothesisId":"H6","location":"Auth.php:route","message":"Incoming auth action","data":{"action":"check_session","sessionId":"cbci5fe8sei2ehftr7nunm11fa","method":"POST"},"timestamp":1778040937058}
{"sessionId":"717d92","runId":"run_1778040937036","hypothesisId":"H6","location":"Auth.php:handleCheckSession:start","message":"Checking current session","data":{"hasUserSession":false,"hasRememberToken":false},"timestamp":1778040937059}
{"sessionId":"717d92","runId":"run_1778040937036","hypothesisId":"H6","location":"Auth.php:handleCheckSession:none","message":"No active session","data":[],"timestamp":1778040937059}
{"sessionId":"717d92","runId":"run_1778040937036","hypothesisId":"H6","location":"Auth.php:input","message":"Raw input received","data":{"action":"facebook_auth","email":"","emailLength":0,"emailBytes":""},"timestamp":1778040944400}
{"sessionId":"717d92","runId":"run_1778040937036","hypothesisId":"H6","location":"Auth.php:route","message":"Incoming auth action","data":{"action":"facebook_auth","sessionId":"cbci5fe8sei2ehftr7nunm11fa","method":"POST"},"timestamp":1778040944401}
{"sessionId":"717d92","runId":"run_1778040937036","hypothesisId":"H12","location":"Auth.php:handleFacebookAuth:config","message":"Facebook auth config loaded","data":{"hasAppId":true,"hasAppSecret":true},"timestamp":1778040944404}
{"sessionId":"717d92","runId":"unknown","hypothesisId":"H6","location":"Auth.php:input","message":"Raw input received","data":{"action":"check_session","email":"","emailLength":0,"emailBytes":""},"timestamp":1778040945958}
{"sessionId":"717d92","runId":"unknown","hypothesisId":"H6","location":"Auth.php:route","message":"Incoming auth action","data":{"action":"check_session","sessionId":"lud6pd4kj77kpsvtsvt2oqk6q4","method":"POST"},"timestamp":1778040945959}
{"sessionId":"717d92","runId":"unknown","hypothesisId":"H6","location":"Auth.php:handleCheckSession:start","message":"Checking current session","data":{"hasUserSession":true,"hasRememberToken":false},"timestamp":1778040945959}
{"sessionId":"717d92","runId":"unknown","hypothesisId":"H6","location":"Auth.php:handleCheckSession:active","message":"Active session found","data":{"userId":1},"timestamp":1778040945960}
{"sessionId":"717d92","runId":"unknown","hypothesisId":"H8","location":"Auth.php:shutdown","message":"Fatal PHP error detected","data":{"type":1,"message":"Uncaught PDOException: SQLSTATE[42S22]: Column not found: 1054 Unknown column 'status' in 'field list' in C:\\laragon\\www\\WEBTOOLSs\\Auth.php:685\nStack trace:\n#0 C:\\laragon\\www\\WEBTOOLSs\\Auth.php(685): PDO->prepare('SELECT status F...')\n#1 C:\\laragon\\www\\WEBTOOLSs\\Auth.php(82): handleCheckSession()\n#2 {main}\n  thrown","file":"C:\\laragon\\www\\WEBTOOLSs\\Auth.php","line":685},"timestamp":1778040945979}
{"sessionId":"717d92","runId":"run_1778040946093","hypothesisId":"H6","location":"Auth.php:input","message":"Raw input received","data":{"action":"check_session","email":"","emailLength":0,"emailBytes":""},"timestamp":1778040946116}
{"sessionId":"717d92","runId":"run_1778040946093","hypothesisId":"H6","location":"Auth.php:route","message":"Incoming auth action","data":{"action":"check_session","sessionId":"lud6pd4kj77kpsvtsvt2oqk6q4","method":"POST"},"timestamp":1778040946117}
{"sessionId":"717d92","runId":"run_1778040946093","hypothesisId":"H6","location":"Auth.php:handleCheckSession:start","message":"Checking current session","data":{"hasUserSession":true,"hasRememberToken":false},"timestamp":1778040946118}
{"sessionId":"717d92","runId":"run_1778040946093","hypothesisId":"H6","location":"Auth.php:handleCheckSession:active","message":"Active session found","data":{"userId":1},"timestamp":1778040946118}
{"sessionId":"717d92","runId":"run_1778040946093","hypothesisId":"H8","location":"Auth.php:shutdown","message":"Fatal PHP error detected","data":{"type":1,"message":"Uncaught PDOException: SQLSTATE[42S22]: Column not found: 1054 Unknown column 'status' in 'field list' in C:\\laragon\\www\\WEBTOOLSs\\Auth.php:685\nStack trace:\n#0 C:\\laragon\\www\\WEBTOOLSs\\Auth.php(685): PDO->prepare('SELECT status F...')\n#1 C:\\laragon\\www\\WEBTOOLSs\\Auth.php(82): handleCheckSession()\n#2 {main}\n  thrown","file":"C:\\laragon\\www\\WEBTOOLSs\\Auth.php","line":685},"timestamp":1778040946126}
{"sessionId":"717d92","runId":"run_1778040949902","hypothesisId":"H6","location":"Auth.php:input","message":"Raw input received","data":{"action":"check_session","email":"","emailLength":0,"emailBytes":""},"timestamp":1778040949932}
{"sessionId":"717d92","runId":"run_1778040949902","hypothesisId":"H6","location":"Auth.php:route","message":"Incoming auth action","data":{"action":"check_session","sessionId":"lud6pd4kj77kpsvtsvt2oqk6q4","method":"POST"},"timestamp":1778040949933}
{"sessionId":"717d92","runId":"run_1778040949902","hypothesisId":"H6","location":"Auth.php:handleCheckSession:start","message":"Checking current session","data":{"hasUserSession":true,"hasRememberToken":false},"timestamp":1778040949934}
{"sessionId":"717d92","runId":"run_1778040949902","hypothesisId":"H6","location":"Auth.php:handleCheckSession:active","message":"Active session found","data":{"userId":1},"timestamp":1778040949934}
{"sessionId":"717d92","runId":"run_1778040949902","hypothesisId":"H8","location":"Auth.php:shutdown","message":"Fatal PHP error detected","data":{"type":1,"message":"Uncaught PDOException: SQLSTATE[42S22]: Column not found: 1054 Unknown column 'status' in 'field list' in C:\\laragon\\www\\WEBTOOLSs\\Auth.php:685\nStack trace:\n#0 C:\\laragon\\www\\WEBTOOLSs\\Auth.php(685): PDO->prepare('SELECT status F...')\n#1 C:\\laragon\\www\\WEBTOOLSs\\Auth.php(82): handleCheckSession()\n#2 {main}\n  thrown","file":"C:\\laragon\\www\\WEBTOOLSs\\Auth.php","line":685},"timestamp":1778040949958}
{"sessionId":"717d92","runId":"run_1778040949902","hypothesisId":"H6","location":"Auth.php:input","message":"Raw input received","data":{"action":"facebook_auth","email":"","emailLength":0,"emailBytes":""},"timestamp":1778040957092}
{"sessionId":"717d92","runId":"run_1778040949902","hypothesisId":"H6","location":"Auth.php:route","message":"Incoming auth action","data":{"action":"facebook_auth","sessionId":"lud6pd4kj77kpsvtsvt2oqk6q4","method":"POST"},"timestamp":1778040957093}
{"sessionId":"717d92","runId":"run_1778040949902","hypothesisId":"H12","location":"Auth.php:handleFacebookAuth:config","message":"Facebook auth config loaded","data":{"hasAppId":true,"hasAppSecret":true},"timestamp":1778040957094}
{"sessionId":"717d92","runId":"unknown","hypothesisId":"H6","location":"Auth.php:input","message":"Raw input received","data":{"action":"check_session","email":"","emailLength":0,"emailBytes":""},"timestamp":1778040957978}
{"sessionId":"717d92","runId":"unknown","hypothesisId":"H6","location":"Auth.php:route","message":"Incoming auth action","data":{"action":"check_session","sessionId":"tlh0l1spou52n31ecjuqk8jd7p","method":"POST"},"timestamp":1778040957979}
{"sessionId":"717d92","runId":"unknown","hypothesisId":"H6","location":"Auth.php:handleCheckSession:start","message":"Checking current session","data":{"hasUserSession":true,"hasRememberToken":false},"timestamp":1778040957980}
{"sessionId":"717d92","runId":"unknown","hypothesisId":"H6","location":"Auth.php:handleCheckSession:active","message":"Active session found","data":{"userId":1},"timestamp":1778040957981}
{"sessionId":"717d92","runId":"unknown","hypothesisId":"H8","location":"Auth.php:shutdown","message":"Fatal PHP error detected","data":{"type":1,"message":"Uncaught PDOException: SQLSTATE[42S22]: Column not found: 1054 Unknown column 'status' in 'field list' in C:\\laragon\\www\\WEBTOOLSs\\Auth.php:685\nStack trace:\n#0 C:\\laragon\\www\\WEBTOOLSs\\Auth.php(685): PDO->prepare('SELECT status F...')\n#1 C:\\laragon\\www\\WEBTOOLSs\\Auth.php(82): handleCheckSession()\n#2 {main}\n  thrown","file":"C:\\laragon\\www\\WEBTOOLSs\\Auth.php","line":685},"timestamp":1778040958011}
{"sessionId":"717d92","runId":"run_1778040958042","hypothesisId":"H6","location":"Auth.php:input","message":"Raw input received","data":{"action":"check_session","email":"","emailLength":0,"emailBytes":""},"timestamp":1778040958058}
{"sessionId":"717d92","runId":"run_1778040958042","hypothesisId":"H6","location":"Auth.php:route","message":"Incoming auth action","data":{"action":"check_session","sessionId":"tlh0l1spou52n31ecjuqk8jd7p","method":"POST"},"timestamp":1778040958058}
{"sessionId":"717d92","runId":"run_1778040958042","hypothesisId":"H6","location":"Auth.php:handleCheckSession:start","message":"Checking current session","data":{"hasUserSession":true,"hasRememberToken":false},"timestamp":1778040958060}
{"sessionId":"717d92","runId":"run_1778040958042","hypothesisId":"H6","location":"Auth.php:handleCheckSession:active","message":"Active session found","data":{"userId":1},"timestamp":1778040958062}
{"sessionId":"717d92","runId":"run_1778040958042","hypothesisId":"H8","location":"Auth.php:shutdown","message":"Fatal PHP error detected","data":{"type":1,"message":"Uncaught PDOException: SQLSTATE[42S22]: Column not found: 1054 Unknown column 'status' in 'field list' in C:\\laragon\\www\\WEBTOOLSs\\Auth.php:685\nStack trace:\n#0 C:\\laragon\\www\\WEBTOOLSs\\Auth.php(685): PDO->prepare('SELECT status F...')\n#1 C:\\laragon\\www\\WEBTOOLSs\\Auth.php(82): handleCheckSession()\n#2 {main}\n  thrown","file":"C:\\laragon\\www\\WEBTOOLSs\\Auth.php","line":685},"timestamp":1778040958103}
{"sessionId":"717d92","runId":"run_1778040967475","hypothesisId":"H6","location":"Auth.php:input","message":"Raw input received","data":{"action":"check_session","email":"","emailLength":0,"emailBytes":""},"timestamp":1778040967502}
{"sessionId":"717d92","runId":"run_1778040967475","hypothesisId":"H6","location":"Auth.php:route","message":"Incoming auth action","data":{"action":"check_session","sessionId":"tlh0l1spou52n31ecjuqk8jd7p","method":"POST"},"timestamp":1778040967502}
{"sessionId":"717d92","runId":"run_1778040967475","hypothesisId":"H6","location":"Auth.php:handleCheckSession:start","message":"Checking current session","data":{"hasUserSession":true,"hasRememberToken":false},"timestamp":1778040967504}
{"sessionId":"717d92","runId":"run_1778040967475","hypothesisId":"H6","location":"Auth.php:handleCheckSession:active","message":"Active session found","data":{"userId":1},"timestamp":1778040967507}
{"sessionId":"717d92","runId":"run_1778040967475","hypothesisId":"H8","location":"Auth.php:shutdown","message":"Fatal PHP error detected","data":{"type":1,"message":"Uncaught PDOException: SQLSTATE[42S22]: Column not found: 1054 Unknown column 'status' in 'field list' in C:\\laragon\\www\\WEBTOOLSs\\Auth.php:685\nStack trace:\n#0 C:\\laragon\\www\\WEBTOOLSs\\Auth.php(685): PDO->prepare('SELECT status F...')\n#1 C:\\laragon\\www\\WEBTOOLSs\\Auth.php(82): handleCheckSession()\n#2 {main}\n  thrown","file":"C:\\laragon\\www\\WEBTOOLSs\\Auth.php","line":685},"timestamp":1778040967527}
{"sessionId":"717d92","runId":"run_1778040968854","hypothesisId":"H6","location":"Auth.php:input","message":"Raw input received","data":{"action":"check_session","email":"","emailLength":0,"emailBytes":""},"timestamp":1778040968870}
{"sessionId":"717d92","runId":"run_1778040968854","hypothesisId":"H6","location":"Auth.php:route","message":"Incoming auth action","data":{"action":"check_session","sessionId":"tlh0l1spou52n31ecjuqk8jd7p","method":"POST"},"timestamp":1778040968871}
{"sessionId":"717d92","runId":"run_1778040968854","hypothesisId":"H6","location":"Auth.php:handleCheckSession:start","message":"Checking current session","data":{"hasUserSession":true,"hasRememberToken":false},"timestamp":1778040968872}
{"sessionId":"717d92","runId":"run_1778040968854","hypothesisId":"H6","location":"Auth.php:handleCheckSession:active","message":"Active session found","data":{"userId":1},"timestamp":1778040968873}
{"sessionId":"717d92","runId":"run_1778040968854","hypothesisId":"H8","location":"Auth.php:shutdown","message":"Fatal PHP error detected","data":{"type":1,"message":"Uncaught PDOException: SQLSTATE[42S22]: Column not found: 1054 Unknown column 'status' in 'field list' in C:\\laragon\\www\\WEBTOOLSs\\Auth.php:685\nStack trace:\n#0 C:\\laragon\\www\\WEBTOOLSs\\Auth.php(685): PDO->prepare('SELECT status F...')\n#1 C:\\laragon\\www\\WEBTOOLSs\\Auth.php(82): handleCheckSession()\n#2 {main}\n  thrown","file":"C:\\laragon\\www\\WEBTOOLSs\\Auth.php","line":685},"timestamp":1778040968879}
{"sessionId":"717d92","runId":"run_1778040968854","hypothesisId":"H6","location":"Auth.php:input","message":"Raw input received","data":{"action":"facebook_auth","email":"","emailLength":0,"emailBytes":""},"timestamp":1778040975372}
{"sessionId":"717d92","runId":"run_1778040968854","hypothesisId":"H6","location":"Auth.php:route","message":"Incoming auth action","data":{"action":"facebook_auth","sessionId":"tlh0l1spou52n31ecjuqk8jd7p","method":"POST"},"timestamp":1778040975372}
{"sessionId":"717d92","runId":"run_1778040968854","hypothesisId":"H12","location":"Auth.php:handleFacebookAuth:config","message":"Facebook auth config loaded","data":{"hasAppId":true,"hasAppSecret":true},"timestamp":1778040975374}
{"sessionId":"717d92","runId":"unknown","hypothesisId":"H6","location":"Auth.php:input","message":"Raw input received","data":{"action":"check_session","email":"","emailLength":0,"emailBytes":""},"timestamp":1778040976094}
{"sessionId":"717d92","runId":"unknown","hypothesisId":"H6","location":"Auth.php:route","message":"Incoming auth action","data":{"action":"check_session","sessionId":"8s10st62iginlmmdehe7sojqt6","method":"POST"},"timestamp":1778040976095}
{"sessionId":"717d92","runId":"unknown","hypothesisId":"H6","location":"Auth.php:handleCheckSession:start","message":"Checking current session","data":{"hasUserSession":true,"hasRememberToken":false},"timestamp":1778040976096}
{"sessionId":"717d92","runId":"unknown","hypothesisId":"H6","location":"Auth.php:handleCheckSession:active","message":"Active session found","data":{"userId":1},"timestamp":1778040976096}
{"sessionId":"717d92","runId":"unknown","hypothesisId":"H8","location":"Auth.php:shutdown","message":"Fatal PHP error detected","data":{"type":1,"message":"Uncaught PDOException: SQLSTATE[42S22]: Column not found: 1054 Unknown column 'status' in 'field list' in C:\\laragon\\www\\WEBTOOLSs\\Auth.php:685\nStack trace:\n#0 C:\\laragon\\www\\WEBTOOLSs\\Auth.php(685): PDO->prepare('SELECT status F...')\n#1 C:\\laragon\\www\\WEBTOOLSs\\Auth.php(82): handleCheckSession()\n#2 {main}\n  thrown","file":"C:\\laragon\\www\\WEBTOOLSs\\Auth.php","line":685},"timestamp":1778040976120}
{"sessionId":"717d92","runId":"run_1778040976172","hypothesisId":"H6","location":"Auth.php:input","message":"Raw input received","data":{"action":"check_session","email":"","emailLength":0,"emailBytes":""},"timestamp":1778040976184}
{"sessionId":"717d92","runId":"run_1778040976172","hypothesisId":"H6","location":"Auth.php:route","message":"Incoming auth action","data":{"action":"check_session","sessionId":"8s10st62iginlmmdehe7sojqt6","method":"POST"},"timestamp":1778040976185}
{"sessionId":"717d92","runId":"run_1778040976172","hypothesisId":"H6","location":"Auth.php:handleCheckSession:start","message":"Checking current session","data":{"hasUserSession":true,"hasRememberToken":false},"timestamp":1778040976186}
{"sessionId":"717d92","runId":"run_1778040976172","hypothesisId":"H6","location":"Auth.php:handleCheckSession:active","message":"Active session found","data":{"userId":1},"timestamp":1778040976187}
{"sessionId":"717d92","runId":"run_1778040976172","hypothesisId":"H8","location":"Auth.php:shutdown","message":"Fatal PHP error detected","data":{"type":1,"message":"Uncaught PDOException: SQLSTATE[42S22]: Column not found: 1054 Unknown column 'status' in 'field list' in C:\\laragon\\www\\WEBTOOLSs\\Auth.php:685\nStack trace:\n#0 C:\\laragon\\www\\WEBTOOLSs\\Auth.php(685): PDO->prepare('SELECT status F...')\n#1 C:\\laragon\\www\\WEBTOOLSs\\Auth.php(82): handleCheckSession()\n#2 {main}\n  thrown","file":"C:\\laragon\\www\\WEBTOOLSs\\Auth.php","line":685},"timestamp":1778040976194}
{"sessionId":"717d92","runId":"run_1778040976172","hypothesisId":"H6","location":"Auth.php:input","message":"Raw input received","data":{"action":"facebook_auth","email":"","emailLength":0,"emailBytes":""},"timestamp":1778041026985}
{"sessionId":"717d92","runId":"run_1778040976172","hypothesisId":"H6","location":"Auth.php:route","message":"Incoming auth action","data":{"action":"facebook_auth","sessionId":"8s10st62iginlmmdehe7sojqt6","method":"POST"},"timestamp":1778041026987}
{"sessionId":"717d92","runId":"run_1778040976172","hypothesisId":"H12","location":"Auth.php:handleFacebookAuth:config","message":"Facebook auth config loaded","data":{"hasAppId":true,"hasAppSecret":true},"timestamp":1778041026988}
{"sessionId":"717d92","runId":"unknown","hypothesisId":"H6","location":"Auth.php:input","message":"Raw input received","data":{"action":"check_session","email":"","emailLength":0,"emailBytes":""},"timestamp":1778041028221}
{"sessionId":"717d92","runId":"unknown","hypothesisId":"H6","location":"Auth.php:route","message":"Incoming auth action","data":{"action":"check_session","sessionId":"ko6hcmocc3fpm9domdo1d0lm2i","method":"POST"},"timestamp":1778041028222}
{"sessionId":"717d92","runId":"unknown","hypothesisId":"H6","location":"Auth.php:handleCheckSession:start","message":"Checking current session","data":{"hasUserSession":true,"hasRememberToken":false},"timestamp":1778041028223}
{"sessionId":"717d92","runId":"unknown","hypothesisId":"H6","location":"Auth.php:handleCheckSession:active","message":"Active session found","data":{"userId":1},"timestamp":1778041028224}
{"sessionId":"717d92","runId":"unknown","hypothesisId":"H8","location":"Auth.php:shutdown","message":"Fatal PHP error detected","data":{"type":1,"message":"Uncaught PDOException: SQLSTATE[42S22]: Column not found: 1054 Unknown column 'status' in 'field list' in C:\\laragon\\www\\WEBTOOLSs\\Auth.php:685\nStack trace:\n#0 C:\\laragon\\www\\WEBTOOLSs\\Auth.php(685): PDO->prepare('SELECT status F...')\n#1 C:\\laragon\\www\\WEBTOOLSs\\Auth.php(82): handleCheckSession()\n#2 {main}\n  thrown","file":"C:\\laragon\\www\\WEBTOOLSs\\Auth.php","line":685},"timestamp":1778041028243}
{"sessionId":"717d92","runId":"run_1778041028292","hypothesisId":"H6","location":"Auth.php:input","message":"Raw input received","data":{"action":"check_session","email":"","emailLength":0,"emailBytes":""},"timestamp":1778041028300}
{"sessionId":"717d92","runId":"run_1778041028292","hypothesisId":"H6","location":"Auth.php:route","message":"Incoming auth action","data":{"action":"check_session","sessionId":"ko6hcmocc3fpm9domdo1d0lm2i","method":"POST"},"timestamp":1778041028301}
{"sessionId":"717d92","runId":"run_1778041028292","hypothesisId":"H6","location":"Auth.php:handleCheckSession:start","message":"Checking current session","data":{"hasUserSession":true,"hasRememberToken":false},"timestamp":1778041028302}
{"sessionId":"717d92","runId":"run_1778041028292","hypothesisId":"H6","location":"Auth.php:handleCheckSession:active","message":"Active session found","data":{"userId":1},"timestamp":1778041028302}
{"sessionId":"717d92","runId":"run_1778041028292","hypothesisId":"H8","location":"Auth.php:shutdown","message":"Fatal PHP error detected","data":{"type":1,"message":"Uncaught PDOException: SQLSTATE[42S22]: Column not found: 1054 Unknown column 'status' in 'field list' in C:\\laragon\\www\\WEBTOOLSs\\Auth.php:685\nStack trace:\n#0 C:\\laragon\\www\\WEBTOOLSs\\Auth.php(685): PDO->prepare('SELECT status F...')\n#1 C:\\laragon\\www\\WEBTOOLSs\\Auth.php(82): handleCheckSession()\n#2 {main}\n  thrown","file":"C:\\laragon\\www\\WEBTOOLSs\\Auth.php","line":685},"timestamp":1778041028308}
{"sessionId":"717d92","runId":"run_1778041158464","hypothesisId":"H6","location":"Auth.php:input","message":"Raw input received","data":{"action":"check_session","email":"","emailLength":0,"emailBytes":""},"timestamp":1778041158499}
{"sessionId":"717d92","runId":"run_1778041158464","hypothesisId":"H6","location":"Auth.php:route","message":"Incoming auth action","data":{"action":"check_session","sessionId":"ko6hcmocc3fpm9domdo1d0lm2i","method":"POST"},"timestamp":1778041158501}
{"sessionId":"717d92","runId":"run_1778041158464","hypothesisId":"H6","location":"Auth.php:handleCheckSession:start","message":"Checking current session","data":{"hasUserSession":true,"hasRememberToken":false},"timestamp":1778041158502}
{"sessionId":"717d92","runId":"run_1778041158464","hypothesisId":"H6","location":"Auth.php:handleCheckSession:active","message":"Active session found","data":{"userId":1},"timestamp":1778041158503}
{"sessionId":"717d92","runId":"unknown","hypothesisId":"H6","location":"Auth.php:input","message":"Raw input received","data":{"action":"check_session","email":"","emailLength":0,"emailBytes":""},"timestamp":1778041158617}
{"sessionId":"717d92","runId":"unknown","hypothesisId":"H6","location":"Auth.php:route","message":"Incoming auth action","data":{"action":"check_session","sessionId":"ko6hcmocc3fpm9domdo1d0lm2i","method":"POST"},"timestamp":1778041158618}
{"sessionId":"717d92","runId":"unknown","hypothesisId":"H6","location":"Auth.php:handleCheckSession:start","message":"Checking current session","data":{"hasUserSession":true,"hasRememberToken":false},"timestamp":1778041158619}
{"sessionId":"717d92","runId":"unknown","hypothesisId":"H6","location":"Auth.php:handleCheckSession:active","message":"Active session found","data":{"userId":1},"timestamp":1778041158619}
{"sessionId":"717d92","runId":"run_1778041222067","hypothesisId":"H6","location":"Auth.php:input","message":"Raw input received","data":{"action":"check_session","email":"","emailLength":0,"emailBytes":""},"timestamp":1778041222084}
{"sessionId":"717d92","runId":"run_1778041222067","hypothesisId":"H6","location":"Auth.php:route","message":"Incoming auth action","data":{"action":"check_session","sessionId":"ko6hcmocc3fpm9domdo1d0lm2i","method":"POST"},"timestamp":1778041222085}
{"sessionId":"717d92","runId":"run_1778041222067","hypothesisId":"H6","location":"Auth.php:handleCheckSession:start","message":"Checking current session","data":{"hasUserSession":true,"hasRememberToken":false},"timestamp":1778041222086}
{"sessionId":"717d92","runId":"run_1778041222067","hypothesisId":"H6","location":"Auth.php:handleCheckSession:active","message":"Active session found","data":{"userId":1},"timestamp":1778041222087}
{"sessionId":"717d92","runId":"unknown","hypothesisId":"H6","location":"Auth.php:input","message":"Raw input received","data":{"action":"check_session","email":"","emailLength":0,"emailBytes":""},"timestamp":1778041222197}
{"sessionId":"717d92","runId":"unknown","hypothesisId":"H6","location":"Auth.php:route","message":"Incoming auth action","data":{"action":"check_session","sessionId":"ko6hcmocc3fpm9domdo1d0lm2i","method":"POST"},"timestamp":1778041222198}
{"sessionId":"717d92","runId":"unknown","hypothesisId":"H6","location":"Auth.php:handleCheckSession:start","message":"Checking current session","data":{"hasUserSession":true,"hasRememberToken":false},"timestamp":1778041222199}
{"sessionId":"717d92","runId":"unknown","hypothesisId":"H6","location":"Auth.php:handleCheckSession:active","message":"Active session found","data":{"userId":1},"timestamp":1778041222199}
{"sessionId":"717d92","runId":"unknown","hypothesisId":"H6","location":"Auth.php:input","message":"Raw input received","data":{"action":"check_session","email":"","emailLength":0,"emailBytes":""},"timestamp":1778044330859}
{"sessionId":"717d92","runId":"unknown","hypothesisId":"H6","location":"Auth.php:route","message":"Incoming auth action","data":{"action":"check_session","sessionId":"ko6hcmocc3fpm9domdo1d0lm2i","method":"POST"},"timestamp":1778044330863}
{"sessionId":"717d92","runId":"unknown","hypothesisId":"H6","location":"Auth.php:handleCheckSession:start","message":"Checking current session","data":{"hasUserSession":true,"hasRememberToken":false},"timestamp":1778044330864}
{"sessionId":"717d92","runId":"unknown","hypothesisId":"H6","location":"Auth.php:handleCheckSession:active","message":"Active session found","data":{"userId":1},"timestamp":1778044330864}
{"sessionId":"717d92","runId":"unknown","hypothesisId":"H6","location":"Auth.php:input","message":"Raw input received","data":{"action":"check_session","email":"","emailLength":0,"emailBytes":""},"timestamp":1778044507008}
{"sessionId":"717d92","runId":"unknown","hypothesisId":"H6","location":"Auth.php:route","message":"Incoming auth action","data":{"action":"check_session","sessionId":"ko6hcmocc3fpm9domdo1d0lm2i","method":"POST"},"timestamp":1778044507014}
{"sessionId":"717d92","runId":"unknown","hypothesisId":"H6","location":"Auth.php:handleCheckSession:start","message":"Checking current session","data":{"hasUserSession":true,"hasRememberToken":false},"timestamp":1778044507015}
{"sessionId":"717d92","runId":"unknown","hypothesisId":"H6","location":"Auth.php:handleCheckSession:active","message":"Active session found","data":{"userId":1},"timestamp":1778044507016}
{"sessionId":"717d92","runId":"run_1778044538525","hypothesisId":"H6","location":"Auth.php:input","message":"Raw input received","data":{"action":"check_session","email":"","emailLength":0,"emailBytes":""},"timestamp":1778044538547}
{"sessionId":"717d92","runId":"run_1778044538525","hypothesisId":"H6","location":"Auth.php:route","message":"Incoming auth action","data":{"action":"check_session","sessionId":"ko6hcmocc3fpm9domdo1d0lm2i","method":"POST"},"timestamp":1778044538548}
{"sessionId":"717d92","runId":"run_1778044538525","hypothesisId":"H6","location":"Auth.php:handleCheckSession:start","message":"Checking current session","data":{"hasUserSession":true,"hasRememberToken":false},"timestamp":1778044538548}
{"sessionId":"717d92","runId":"run_1778044538525","hypothesisId":"H6","location":"Auth.php:handleCheckSession:active","message":"Active session found","data":{"userId":1},"timestamp":1778044538550}
{"sessionId":"717d92","runId":"unknown","hypothesisId":"H6","location":"Auth.php:input","message":"Raw input received","data":{"action":"check_session","email":"","emailLength":0,"emailBytes":""},"timestamp":1778044538665}
{"sessionId":"717d92","runId":"unknown","hypothesisId":"H6","location":"Auth.php:route","message":"Incoming auth action","data":{"action":"check_session","sessionId":"ko6hcmocc3fpm9domdo1d0lm2i","method":"POST"},"timestamp":1778044538666}
{"sessionId":"717d92","runId":"unknown","hypothesisId":"H6","location":"Auth.php:handleCheckSession:start","message":"Checking current session","data":{"hasUserSession":true,"hasRememberToken":false},"timestamp":1778044538667}
{"sessionId":"717d92","runId":"unknown","hypothesisId":"H6","location":"Auth.php:handleCheckSession:active","message":"Active session found","data":{"userId":1},"timestamp":1778044538668}
{"sessionId":"717d92","runId":"unknown","hypothesisId":"H6","location":"Auth.php:input","message":"Raw input received","data":{"action":"check_session","email":"","emailLength":0,"emailBytes":""},"timestamp":1778048550768}
{"sessionId":"717d92","runId":"unknown","hypothesisId":"H6","location":"Auth.php:route","message":"Incoming auth action","data":{"action":"check_session","sessionId":"gcp39rtt9gge082ub3c95pc9k1","method":"POST"},"timestamp":1778048550771}
{"sessionId":"717d92","runId":"unknown","hypothesisId":"H6","location":"Auth.php:handleCheckSession:start","message":"Checking current session","data":{"hasUserSession":true,"hasRememberToken":false},"timestamp":1778048550772}
{"sessionId":"717d92","runId":"unknown","hypothesisId":"H6","location":"Auth.php:handleCheckSession:active","message":"Active session found","data":{"userId":1},"timestamp":1778048550773}
{"sessionId":"717d92","runId":"unknown","hypothesisId":"H6","location":"Auth.php:input","message":"Raw input received","data":{"action":"check_session","email":"","emailLength":0,"emailBytes":""},"timestamp":1778056176425}
{"sessionId":"717d92","runId":"unknown","hypothesisId":"H6","location":"Auth.php:route","message":"Incoming auth action","data":{"action":"check_session","sessionId":"gcp39rtt9gge082ub3c95pc9k1","method":"POST"},"timestamp":1778056176428}
{"sessionId":"717d92","runId":"unknown","hypothesisId":"H6","location":"Auth.php:handleCheckSession:start","message":"Checking current session","data":{"hasUserSession":true,"hasRememberToken":false},"timestamp":1778056176429}
{"sessionId":"717d92","runId":"unknown","hypothesisId":"H6","location":"Auth.php:handleCheckSession:active","message":"Active session found","data":{"userId":1},"timestamp":1778056176429}
{"sessionId":"717d92","runId":"unknown","hypothesisId":"H6","location":"Auth.php:input","message":"Raw input received","data":{"action":"check_session","email":"","emailLength":0,"emailBytes":""},"timestamp":1778068198680}
{"sessionId":"717d92","runId":"unknown","hypothesisId":"H6","location":"Auth.php:route","message":"Incoming auth action","data":{"action":"check_session","sessionId":"gcp39rtt9gge082ub3c95pc9k1","method":"POST"},"timestamp":1778068198686}
{"sessionId":"717d92","runId":"unknown","hypothesisId":"H6","location":"Auth.php:handleCheckSession:start","message":"Checking current session","data":{"hasUserSession":true,"hasRememberToken":false},"timestamp":1778068198687}
{"sessionId":"717d92","runId":"unknown","hypothesisId":"H6","location":"Auth.php:handleCheckSession:active","message":"Active session found","data":{"userId":1},"timestamp":1778068198687}
{"sessionId":"717d92","runId":"unknown","hypothesisId":"H6","location":"Auth.php:input","message":"Raw input received","data":{"action":"check_session","email":"","emailLength":0,"emailBytes":""},"timestamp":1778068655658}
{"sessionId":"717d92","runId":"unknown","hypothesisId":"H6","location":"Auth.php:route","message":"Incoming auth action","data":{"action":"check_session","sessionId":"gcp39rtt9gge082ub3c95pc9k1","method":"POST"},"timestamp":1778068655662}
{"sessionId":"717d92","runId":"unknown","hypothesisId":"H6","location":"Auth.php:handleCheckSession:start","message":"Checking current session","data":{"hasUserSession":true,"hasRememberToken":false},"timestamp":1778068655663}
{"sessionId":"717d92","runId":"unknown","hypothesisId":"H6","location":"Auth.php:handleCheckSession:active","message":"Active session found","data":{"userId":1},"timestamp":1778068655664}
{"sessionId":"717d92","runId":"unknown","hypothesisId":"H6","location":"Auth.php:input","message":"Raw input received","data":{"action":"check_session","email":"","emailLength":0,"emailBytes":""},"timestamp":1778068659278}
{"sessionId":"717d92","runId":"unknown","hypothesisId":"H6","location":"Auth.php:route","message":"Incoming auth action","data":{"action":"check_session","sessionId":"gcp39rtt9gge082ub3c95pc9k1","method":"POST"},"timestamp":1778068659279}
{"sessionId":"717d92","runId":"unknown","hypothesisId":"H6","location":"Auth.php:handleCheckSession:start","message":"Checking current session","data":{"hasUserSession":true,"hasRememberToken":false},"timestamp":1778068659279}
{"sessionId":"717d92","runId":"unknown","hypothesisId":"H6","location":"Auth.php:handleCheckSession:active","message":"Active session found","data":{"userId":1},"timestamp":1778068659280}
{"sessionId":"717d92","runId":"unknown","hypothesisId":"H6","location":"Auth.php:input","message":"Raw input received","data":{"action":"check_session","email":"","emailLength":0,"emailBytes":""},"timestamp":1778069620410}
{"sessionId":"717d92","runId":"unknown","hypothesisId":"H6","location":"Auth.php:route","message":"Incoming auth action","data":{"action":"check_session","sessionId":"gcp39rtt9gge082ub3c95pc9k1","method":"POST"},"timestamp":1778069620414}
{"sessionId":"717d92","runId":"unknown","hypothesisId":"H6","location":"Auth.php:handleCheckSession:start","message":"Checking current session","data":{"hasUserSession":true,"hasRememberToken":false},"timestamp":1778069620417}
{"sessionId":"717d92","runId":"unknown","hypothesisId":"H6","location":"Auth.php:handleCheckSession:active","message":"Active session found","data":{"userId":1},"timestamp":1778069620417}
{"sessionId":"717d92","runId":"unknown","hypothesisId":"H6","location":"Auth.php:input","message":"Raw input received","data":{"action":"check_session","email":"","emailLength":0,"emailBytes":""},"timestamp":1778069625844}
{"sessionId":"717d92","runId":"unknown","hypothesisId":"H6","location":"Auth.php:route","message":"Incoming auth action","data":{"action":"check_session","sessionId":"gcp39rtt9gge082ub3c95pc9k1","method":"POST"},"timestamp":1778069625845}
{"sessionId":"717d92","runId":"unknown","hypothesisId":"H6","location":"Auth.php:handleCheckSession:start","message":"Checking current session","data":{"hasUserSession":true,"hasRememberToken":false},"timestamp":1778069625845}
{"sessionId":"717d92","runId":"unknown","hypothesisId":"H6","location":"Auth.php:handleCheckSession:active","message":"Active session found","data":{"userId":1},"timestamp":1778069625846}
{"sessionId":"717d92","runId":"run_1778069654407","hypothesisId":"H6","location":"Auth.php:input","message":"Raw input received","data":{"action":"check_session","email":"","emailLength":0,"emailBytes":""},"timestamp":1778069654449}
{"sessionId":"717d92","runId":"run_1778069654407","hypothesisId":"H6","location":"Auth.php:route","message":"Incoming auth action","data":{"action":"check_session","sessionId":"gcp39rtt9gge082ub3c95pc9k1","method":"POST"},"timestamp":1778069654450}
{"sessionId":"717d92","runId":"run_1778069654407","hypothesisId":"H6","location":"Auth.php:handleCheckSession:start","message":"Checking current session","data":{"hasUserSession":true,"hasRememberToken":false},"timestamp":1778069654450}
{"sessionId":"717d92","runId":"run_1778069654407","hypothesisId":"H6","location":"Auth.php:handleCheckSession:active","message":"Active session found","data":{"userId":1},"timestamp":1778069654451}
{"sessionId":"717d92","runId":"unknown","hypothesisId":"H6","location":"Auth.php:input","message":"Raw input received","data":{"action":"check_session","email":"","emailLength":0,"emailBytes":""},"timestamp":1778069654583}
{"sessionId":"717d92","runId":"unknown","hypothesisId":"H6","location":"Auth.php:route","message":"Incoming auth action","data":{"action":"check_session","sessionId":"gcp39rtt9gge082ub3c95pc9k1","method":"POST"},"timestamp":1778069654584}
{"sessionId":"717d92","runId":"unknown","hypothesisId":"H6","location":"Auth.php:handleCheckSession:start","message":"Checking current session","data":{"hasUserSession":true,"hasRememberToken":false},"timestamp":1778069654584}
{"sessionId":"717d92","runId":"unknown","hypothesisId":"H6","location":"Auth.php:handleCheckSession:active","message":"Active session found","data":{"userId":1},"timestamp":1778069654585}
{"sessionId":"717d92","runId":"unknown","hypothesisId":"H6","location":"Auth.php:input","message":"Raw input received","data":{"action":"check_session","email":"","emailLength":0,"emailBytes":""},"timestamp":1778070136627}
{"sessionId":"717d92","runId":"unknown","hypothesisId":"H6","location":"Auth.php:route","message":"Incoming auth action","data":{"action":"check_session","sessionId":"gcp39rtt9gge082ub3c95pc9k1","method":"POST"},"timestamp":1778070136630}
{"sessionId":"717d92","runId":"unknown","hypothesisId":"H6","location":"Auth.php:handleCheckSession:start","message":"Checking current session","data":{"hasUserSession":true,"hasRememberToken":false},"timestamp":1778070136630}
{"sessionId":"717d92","runId":"unknown","hypothesisId":"H6","location":"Auth.php:handleCheckSession:active","message":"Active session found","data":{"userId":1},"timestamp":1778070136631}
{"sessionId":"717d92","runId":"run_1778070158259","hypothesisId":"H6","location":"Auth.php:input","message":"Raw input received","data":{"action":"check_session","email":"","emailLength":0,"emailBytes":""},"timestamp":1778070158284}
{"sessionId":"717d92","runId":"run_1778070158259","hypothesisId":"H6","location":"Auth.php:route","message":"Incoming auth action","data":{"action":"check_session","sessionId":"gcp39rtt9gge082ub3c95pc9k1","method":"POST"},"timestamp":1778070158285}
{"sessionId":"717d92","runId":"run_1778070158259","hypothesisId":"H6","location":"Auth.php:handleCheckSession:start","message":"Checking current session","data":{"hasUserSession":true,"hasRememberToken":false},"timestamp":1778070158286}
{"sessionId":"717d92","runId":"run_1778070158259","hypothesisId":"H6","location":"Auth.php:handleCheckSession:active","message":"Active session found","data":{"userId":1},"timestamp":1778070158287}
{"sessionId":"717d92","runId":"unknown","hypothesisId":"H6","location":"Auth.php:input","message":"Raw input received","data":{"action":"check_session","email":"","emailLength":0,"emailBytes":""},"timestamp":1778070158604}
{"sessionId":"717d92","runId":"unknown","hypothesisId":"H6","location":"Auth.php:route","message":"Incoming auth action","data":{"action":"check_session","sessionId":"gcp39rtt9gge082ub3c95pc9k1","method":"POST"},"timestamp":1778070158604}
{"sessionId":"717d92","runId":"unknown","hypothesisId":"H6","location":"Auth.php:handleCheckSession:start","message":"Checking current session","data":{"hasUserSession":true,"hasRememberToken":false},"timestamp":1778070158605}
{"sessionId":"717d92","runId":"unknown","hypothesisId":"H6","location":"Auth.php:handleCheckSession:active","message":"Active session found","data":{"userId":1},"timestamp":1778070158606}
{"sessionId":"717d92","runId":"unknown","hypothesisId":"H6","location":"Auth.php:input","message":"Raw input received","data":{"action":"logout","email":"","emailLength":0,"emailBytes":""},"timestamp":1778070711620}
{"sessionId":"717d92","runId":"unknown","hypothesisId":"H6","location":"Auth.php:route","message":"Incoming auth action","data":{"action":"logout","sessionId":"gcp39rtt9gge082ub3c95pc9k1","method":"POST"},"timestamp":1778070711624}
{"sessionId":"717d92","runId":"run_1778070711733","hypothesisId":"H6","location":"Auth.php:input","message":"Raw input received","data":{"action":"check_session","email":"","emailLength":0,"emailBytes":""},"timestamp":1778070711743}
{"sessionId":"717d92","runId":"run_1778070711733","hypothesisId":"H6","location":"Auth.php:route","message":"Incoming auth action","data":{"action":"check_session","sessionId":"gcp39rtt9gge082ub3c95pc9k1","method":"POST"},"timestamp":1778070711744}
{"sessionId":"717d92","runId":"run_1778070711733","hypothesisId":"H6","location":"Auth.php:handleCheckSession:start","message":"Checking current session","data":{"hasUserSession":false,"hasRememberToken":false},"timestamp":1778070711745}
{"sessionId":"717d92","runId":"run_1778070711733","hypothesisId":"H6","location":"Auth.php:handleCheckSession:none","message":"No active session","data":[],"timestamp":1778070711746}
{"sessionId":"717d92","runId":"run_1778070711733","hypothesisId":"H6","location":"Auth.php:input","message":"Raw input received","data":{"action":"login","email":"admin@gmail.com","emailLength":15,"emailBytes":"61646d696e40676d61696c2e636f6d"},"timestamp":1778070720590}
{"sessionId":"717d92","runId":"run_1778070711733","hypothesisId":"H6","location":"Auth.php:route","message":"Incoming auth action","data":{"action":"login","sessionId":"gcp39rtt9gge082ub3c95pc9k1","method":"POST"},"timestamp":1778070720593}
{"sessionId":"717d92","runId":"run_1778070711733","hypothesisId":"H1","location":"Auth.php:handleLogin:start","message":"Login request received","data":{"email":"admin@gmail.com","hasPassword":true,"sessionId":"gcp39rtt9gge082ub3c95pc9k1"},"timestamp":1778070720594}
{"sessionId":"717d92","runId":"run_1778070711733","hypothesisId":"H1","location":"Auth.php:handleLogin:userFetch","message":"User fetched from DB","data":{"email":"admin@gmail.com","userFound":false,"userProvider":null},"timestamp":1778070721180}
{"sessionId":"717d92","runId":"run_1778070711733","hypothesisId":"H1","location":"Auth.php:handleLogin:adminCheck","message":"ADMIN CHECK PASSED - Email matches admin@gmail.com","data":{"email":"admin@gmail.com","emailLength":15,"comparison":true,"userFound":false},"timestamp":1778070721181}
{"sessionId":"717d92","runId":"run_1778070711733","hypothesisId":"H1","location":"Auth.php:handleLogin:noUser","message":"No user found with this email","data":[],"timestamp":1778070721181}
{"sessionId":"717d92","runId":"run_1778070711733","hypothesisId":"H6","location":"Auth.php:input","message":"Raw input received","data":{"action":"login","email":"admin@gmail.com","emailLength":15,"emailBytes":"61646d696e40676d61696c2e636f6d"},"timestamp":1778070725402}
{"sessionId":"717d92","runId":"run_1778070711733","hypothesisId":"H6","location":"Auth.php:route","message":"Incoming auth action","data":{"action":"login","sessionId":"gcp39rtt9gge082ub3c95pc9k1","method":"POST"},"timestamp":1778070725402}
{"sessionId":"717d92","runId":"run_1778070711733","hypothesisId":"H1","location":"Auth.php:handleLogin:start","message":"Login request received","data":{"email":"admin@gmail.com","hasPassword":true,"sessionId":"gcp39rtt9gge082ub3c95pc9k1"},"timestamp":1778070725403}
{"sessionId":"717d92","runId":"run_1778070711733","hypothesisId":"H1","location":"Auth.php:handleLogin:userFetch","message":"User fetched from DB","data":{"email":"admin@gmail.com","userFound":false,"userProvider":null},"timestamp":1778070725770}
{"sessionId":"717d92","runId":"run_1778070711733","hypothesisId":"H1","location":"Auth.php:handleLogin:adminCheck","message":"ADMIN CHECK PASSED - Email matches admin@gmail.com","data":{"email":"admin@gmail.com","emailLength":15,"comparison":true,"userFound":false},"timestamp":1778070725771}
{"sessionId":"717d92","runId":"run_1778070711733","hypothesisId":"H1","location":"Auth.php:handleLogin:noUser","message":"No user found with this email","data":[],"timestamp":1778070725772}
{"sessionId":"717d92","runId":"run_1778070711733","hypothesisId":"H6","location":"Auth.php:input","message":"Raw input received","data":{"action":"login","email":"admin@gmail.com","emailLength":15,"emailBytes":"61646d696e40676d61696c2e636f6d"},"timestamp":1778071083672}
{"sessionId":"717d92","runId":"run_1778070711733","hypothesisId":"H6","location":"Auth.php:route","message":"Incoming auth action","data":{"action":"login","sessionId":"gcp39rtt9gge082ub3c95pc9k1","method":"POST"},"timestamp":1778071083679}
{"sessionId":"717d92","runId":"run_1778070711733","hypothesisId":"H1","location":"Auth.php:handleLogin:start","message":"Login request received","data":{"email":"admin@gmail.com","hasPassword":true,"sessionId":"gcp39rtt9gge082ub3c95pc9k1"},"timestamp":1778071083680}
{"sessionId":"717d92","runId":"run_1778070711733","hypothesisId":"H1","location":"Auth.php:handleLogin:userFetch","message":"User fetched from DB","data":{"email":"admin@gmail.com","userFound":false,"userProvider":null},"timestamp":1778071084296}
{"sessionId":"717d92","runId":"run_1778070711733","hypothesisId":"H1","location":"Auth.php:handleLogin:adminCheck","message":"ADMIN CHECK PASSED - Email matches admin@gmail.com","data":{"email":"admin@gmail.com","emailLength":15,"comparison":true,"userFound":false},"timestamp":1778071084297}
{"sessionId":"717d92","runId":"run_1778070711733","hypothesisId":"H1","location":"Auth.php:handleLogin:noUser","message":"No user found with this email","data":[],"timestamp":1778071084298}
{"sessionId":"717d92","runId":"run_1778070711733","hypothesisId":"H6","location":"Auth.php:input","message":"Raw input received","data":{"action":"login","email":"admin@gmail.com","emailLength":15,"emailBytes":"61646d696e40676d61696c2e636f6d"},"timestamp":1778071088447}
{"sessionId":"717d92","runId":"run_1778070711733","hypothesisId":"H6","location":"Auth.php:route","message":"Incoming auth action","data":{"action":"login","sessionId":"gcp39rtt9gge082ub3c95pc9k1","method":"POST"},"timestamp":1778071088447}
{"sessionId":"717d92","runId":"run_1778070711733","hypothesisId":"H1","location":"Auth.php:handleLogin:start","message":"Login request received","data":{"email":"admin@gmail.com","hasPassword":true,"sessionId":"gcp39rtt9gge082ub3c95pc9k1"},"timestamp":1778071088448}
{"sessionId":"717d92","runId":"run_1778070711733","hypothesisId":"H1","location":"Auth.php:handleLogin:userFetch","message":"User fetched from DB","data":{"email":"admin@gmail.com","userFound":false,"userProvider":null},"timestamp":1778071088872}
{"sessionId":"717d92","runId":"run_1778070711733","hypothesisId":"H1","location":"Auth.php:handleLogin:adminCheck","message":"ADMIN CHECK PASSED - Email matches admin@gmail.com","data":{"email":"admin@gmail.com","emailLength":15,"comparison":true,"userFound":false},"timestamp":1778071088873}
{"sessionId":"717d92","runId":"run_1778070711733","hypothesisId":"H1","location":"Auth.php:handleLogin:noUser","message":"No user found with this email","data":[],"timestamp":1778071088874}
{"sessionId":"717d92","runId":"run_1778070711733","hypothesisId":"H6","location":"Auth.php:input","message":"Raw input received","data":{"action":"login","email":"admin@gmail.com","emailLength":15,"emailBytes":"61646d696e40676d61696c2e636f6d"},"timestamp":1778071090209}
{"sessionId":"717d92","runId":"run_1778070711733","hypothesisId":"H6","location":"Auth.php:route","message":"Incoming auth action","data":{"action":"login","sessionId":"gcp39rtt9gge082ub3c95pc9k1","method":"POST"},"timestamp":1778071090209}
{"sessionId":"717d92","runId":"run_1778070711733","hypothesisId":"H1","location":"Auth.php:handleLogin:start","message":"Login request received","data":{"email":"admin@gmail.com","hasPassword":true,"sessionId":"gcp39rtt9gge082ub3c95pc9k1"},"timestamp":1778071090210}
{"sessionId":"717d92","runId":"run_1778070711733","hypothesisId":"H1","location":"Auth.php:handleLogin:userFetch","message":"User fetched from DB","data":{"email":"admin@gmail.com","userFound":false,"userProvider":null},"timestamp":1778071090607}
{"sessionId":"717d92","runId":"run_1778070711733","hypothesisId":"H1","location":"Auth.php:handleLogin:adminCheck","message":"ADMIN CHECK PASSED - Email matches admin@gmail.com","data":{"email":"admin@gmail.com","emailLength":15,"comparison":true,"userFound":false},"timestamp":1778071090608}
{"sessionId":"717d92","runId":"run_1778070711733","hypothesisId":"H1","location":"Auth.php:handleLogin:noUser","message":"No user found with this email","data":[],"timestamp":1778071090609}
{"sessionId":"717d92","runId":"run_1778070711733","hypothesisId":"H6","location":"Auth.php:input","message":"Raw input received","data":{"action":"login","email":"admin@gmail.com","emailLength":15,"emailBytes":"61646d696e40676d61696c2e636f6d"},"timestamp":1778071158678}
{"sessionId":"717d92","runId":"run_1778070711733","hypothesisId":"H6","location":"Auth.php:route","message":"Incoming auth action","data":{"action":"login","sessionId":"gcp39rtt9gge082ub3c95pc9k1","method":"POST"},"timestamp":1778071158681}
{"sessionId":"717d92","runId":"run_1778070711733","hypothesisId":"H1","location":"Auth.php:handleLogin:start","message":"Login request received","data":{"email":"admin@gmail.com","hasPassword":true,"sessionId":"gcp39rtt9gge082ub3c95pc9k1"},"timestamp":1778071158682}
{"sessionId":"717d92","runId":"run_1778070711733","hypothesisId":"H1","location":"Auth.php:handleLogin:userFetch","message":"User fetched from DB","data":{"email":"admin@gmail.com","userFound":false,"userProvider":null},"timestamp":1778071159195}
{"sessionId":"717d92","runId":"run_1778070711733","hypothesisId":"H1","location":"Auth.php:handleLogin:adminCheck","message":"ADMIN CHECK PASSED - Email matches admin@gmail.com","data":{"email":"admin@gmail.com","emailLength":15,"comparison":true,"userFound":false},"timestamp":1778071159196}
{"sessionId":"717d92","runId":"run_1778070711733","hypothesisId":"H1","location":"Auth.php:handleLogin:noUser","message":"No user found with this email","data":[],"timestamp":1778071159197}
{"sessionId":"717d92","runId":"run_1778070711733","hypothesisId":"H6","location":"Auth.php:input","message":"Raw input received","data":{"action":"login","email":"admin@gmail.com","emailLength":15,"emailBytes":"61646d696e40676d61696c2e636f6d"},"timestamp":1778071400428}
{"sessionId":"717d92","runId":"run_1778070711733","hypothesisId":"H6","location":"Auth.php:route","message":"Incoming auth action","data":{"action":"login","sessionId":"gcp39rtt9gge082ub3c95pc9k1","method":"POST"},"timestamp":1778071400432}
{"sessionId":"717d92","runId":"run_1778070711733","hypothesisId":"H1","location":"Auth.php:handleLogin:start","message":"Login request received","data":{"email":"admin@gmail.com","hasPassword":true,"sessionId":"gcp39rtt9gge082ub3c95pc9k1"},"timestamp":1778071400432}
{"sessionId":"717d92","runId":"run_1778070711733","hypothesisId":"H1","location":"Auth.php:handleLogin:userFetch","message":"User fetched from DB","data":{"email":"admin@gmail.com","userFound":false,"userProvider":null},"timestamp":1778071400993}
{"sessionId":"717d92","runId":"run_1778070711733","hypothesisId":"H1","location":"Auth.php:handleLogin:adminCheck","message":"ADMIN CHECK PASSED - Email matches admin@gmail.com","data":{"email":"admin@gmail.com","emailLength":15,"comparison":true,"userFound":false},"timestamp":1778071400994}
{"sessionId":"717d92","runId":"run_1778070711733","hypothesisId":"H1","location":"Auth.php:handleLogin:noUser","message":"No user found with this email","data":[],"timestamp":1778071400994}
{"sessionId":"717d92","runId":"run_1778070711733","hypothesisId":"H6","location":"Auth.php:input","message":"Raw input received","data":{"action":"login","email":"admin@gmail.com","emailLength":15,"emailBytes":"61646d696e40676d61696c2e636f6d"},"timestamp":1778071402621}
{"sessionId":"717d92","runId":"run_1778070711733","hypothesisId":"H6","location":"Auth.php:route","message":"Incoming auth action","data":{"action":"login","sessionId":"gcp39rtt9gge082ub3c95pc9k1","method":"POST"},"timestamp":1778071402622}
{"sessionId":"717d92","runId":"run_1778070711733","hypothesisId":"H1","location":"Auth.php:handleLogin:start","message":"Login request received","data":{"email":"admin@gmail.com","hasPassword":true,"sessionId":"gcp39rtt9gge082ub3c95pc9k1"},"timestamp":1778071402623}
{"sessionId":"717d92","runId":"run_1778070711733","hypothesisId":"H1","location":"Auth.php:handleLogin:userFetch","message":"User fetched from DB","data":{"email":"admin@gmail.com","userFound":false,"userProvider":null},"timestamp":1778071403042}
{"sessionId":"717d92","runId":"run_1778070711733","hypothesisId":"H1","location":"Auth.php:handleLogin:adminCheck","message":"ADMIN CHECK PASSED - Email matches admin@gmail.com","data":{"email":"admin@gmail.com","emailLength":15,"comparison":true,"userFound":false},"timestamp":1778071403043}
{"sessionId":"717d92","runId":"run_1778070711733","hypothesisId":"H1","location":"Auth.php:handleLogin:noUser","message":"No user found with this email","data":[],"timestamp":1778071403044}
{"sessionId":"717d92","runId":"run_1778070711733","hypothesisId":"H6","location":"Auth.php:input","message":"Raw input received","data":{"action":"login","email":"admin@gmail.com","emailLength":15,"emailBytes":"61646d696e40676d61696c2e636f6d"},"timestamp":1778071414309}
{"sessionId":"717d92","runId":"run_1778070711733","hypothesisId":"H6","location":"Auth.php:route","message":"Incoming auth action","data":{"action":"login","sessionId":"gcp39rtt9gge082ub3c95pc9k1","method":"POST"},"timestamp":1778071414310}
{"sessionId":"717d92","runId":"run_1778070711733","hypothesisId":"H1","location":"Auth.php:handleLogin:start","message":"Login request received","data":{"email":"admin@gmail.com","hasPassword":true,"sessionId":"gcp39rtt9gge082ub3c95pc9k1"},"timestamp":1778071414311}
{"sessionId":"717d92","runId":"run_1778070711733","hypothesisId":"H1","location":"Auth.php:handleLogin:userFetch","message":"User fetched from DB","data":{"email":"admin@gmail.com","userFound":false,"userProvider":null},"timestamp":1778071414673}
{"sessionId":"717d92","runId":"run_1778070711733","hypothesisId":"H1","location":"Auth.php:handleLogin:adminCheck","message":"ADMIN CHECK PASSED - Email matches admin@gmail.com","data":{"email":"admin@gmail.com","emailLength":15,"comparison":true,"userFound":false},"timestamp":1778071414673}
{"sessionId":"717d92","runId":"run_1778070711733","hypothesisId":"H1","location":"Auth.php:handleLogin:noUser","message":"No user found with this email","data":[],"timestamp":1778071414674}
{"sessionId":"717d92","runId":"run_1778070711733","hypothesisId":"H6","location":"Auth.php:input","message":"Raw input received","data":{"action":"login","email":"admin@gmail.com","emailLength":15,"emailBytes":"61646d696e40676d61696c2e636f6d"},"timestamp":1778071416683}
{"sessionId":"717d92","runId":"run_1778070711733","hypothesisId":"H6","location":"Auth.php:route","message":"Incoming auth action","data":{"action":"login","sessionId":"gcp39rtt9gge082ub3c95pc9k1","method":"POST"},"timestamp":1778071416683}
{"sessionId":"717d92","runId":"run_1778070711733","hypothesisId":"H1","location":"Auth.php:handleLogin:start","message":"Login request received","data":{"email":"admin@gmail.com","hasPassword":true,"sessionId":"gcp39rtt9gge082ub3c95pc9k1"},"timestamp":1778071416684}
{"sessionId":"717d92","runId":"run_1778070711733","hypothesisId":"H1","location":"Auth.php:handleLogin:userFetch","message":"User fetched from DB","data":{"email":"admin@gmail.com","userFound":false,"userProvider":null},"timestamp":1778071417054}
{"sessionId":"717d92","runId":"run_1778070711733","hypothesisId":"H1","location":"Auth.php:handleLogin:adminCheck","message":"ADMIN CHECK PASSED - Email matches admin@gmail.com","data":{"email":"admin@gmail.com","emailLength":15,"comparison":true,"userFound":false},"timestamp":1778071417055}
{"sessionId":"717d92","runId":"run_1778070711733","hypothesisId":"H1","location":"Auth.php:handleLogin:noUser","message":"No user found with this email","data":[],"timestamp":1778071417056}
{"sessionId":"717d92","runId":"run_1778071541301","hypothesisId":"H6","location":"Auth.php:input","message":"Raw input received","data":{"action":"check_session","email":"","emailLength":0,"emailBytes":""},"timestamp":1778071541451}
{"sessionId":"717d92","runId":"run_1778071541301","hypothesisId":"H6","location":"Auth.php:route","message":"Incoming auth action","data":{"action":"check_session","sessionId":"gcp39rtt9gge082ub3c95pc9k1","method":"POST"},"timestamp":1778071541458}
{"sessionId":"717d92","runId":"run_1778071541301","hypothesisId":"H6","location":"Auth.php:handleCheckSession:start","message":"Checking current session","data":{"hasUserSession":false,"hasRememberToken":false},"timestamp":1778071541461}
{"sessionId":"717d92","runId":"run_1778071541301","hypothesisId":"H6","location":"Auth.php:handleCheckSession:none","message":"No active session","data":[],"timestamp":1778071541462}
{"sessionId":"717d92","runId":"run_1778071541301","hypothesisId":"H6","location":"Auth.php:input","message":"Raw input received","data":{"action":"login","email":"admin@gmail.com","emailLength":15,"emailBytes":"61646d696e40676d61696c2e636f6d"},"timestamp":1778071551726}
{"sessionId":"717d92","runId":"run_1778071541301","hypothesisId":"H6","location":"Auth.php:route","message":"Incoming auth action","data":{"action":"login","sessionId":"gcp39rtt9gge082ub3c95pc9k1","method":"POST"},"timestamp":1778071551727}
{"sessionId":"717d92","runId":"run_1778071541301","hypothesisId":"H1","location":"Auth.php:handleLogin:start","message":"Login request received","data":{"email":"admin@gmail.com","hasPassword":true,"sessionId":"gcp39rtt9gge082ub3c95pc9k1"},"timestamp":1778071551729}
{"sessionId":"717d92","runId":"run_1778071541301","hypothesisId":"H1","location":"Auth.php:handleLogin:userFetch","message":"User fetched from DB","data":{"email":"admin@gmail.com","userFound":false,"userProvider":null},"timestamp":1778071552239}
{"sessionId":"717d92","runId":"run_1778071541301","hypothesisId":"H1","location":"Auth.php:handleLogin:adminCheck","message":"ADMIN CHECK PASSED - Email matches admin@gmail.com","data":{"email":"admin@gmail.com","emailLength":15,"comparison":true,"userFound":false},"timestamp":1778071552240}
{"sessionId":"717d92","runId":"run_1778071541301","hypothesisId":"H1","location":"Auth.php:handleLogin:noUser","message":"No user found with this email","data":[],"timestamp":1778071552241}
{"sessionId":"717d92","runId":"run_1778071541301","hypothesisId":"H6","location":"Auth.php:input","message":"Raw input received","data":{"action":"login","email":"admin@gmail.com","emailLength":15,"emailBytes":"61646d696e40676d61696c2e636f6d"},"timestamp":1778071580948}
{"sessionId":"717d92","runId":"run_1778071541301","hypothesisId":"H6","location":"Auth.php:route","message":"Incoming auth action","data":{"action":"login","sessionId":"gcp39rtt9gge082ub3c95pc9k1","method":"POST"},"timestamp":1778071580950}
{"sessionId":"717d92","runId":"run_1778071541301","hypothesisId":"H1","location":"Auth.php:handleLogin:start","message":"Login request received","data":{"email":"admin@gmail.com","hasPassword":true,"sessionId":"gcp39rtt9gge082ub3c95pc9k1"},"timestamp":1778071580951}
{"sessionId":"717d92","runId":"run_1778071541301","hypothesisId":"H1","location":"Auth.php:handleLogin:userFetch","message":"User fetched from DB","data":{"email":"admin@gmail.com","userFound":false,"userProvider":null},"timestamp":1778071581359}
{"sessionId":"717d92","runId":"run_1778071541301","hypothesisId":"H1","location":"Auth.php:handleLogin:adminCheck","message":"ADMIN CHECK PASSED - Email matches admin@gmail.com","data":{"email":"admin@gmail.com","emailLength":15,"comparison":true,"userFound":false},"timestamp":1778071581360}
{"sessionId":"717d92","runId":"run_1778071541301","hypothesisId":"H1","location":"Auth.php:handleLogin:noUser","message":"No user found with this email","data":[],"timestamp":1778071581361}
{"sessionId":"717d92","runId":"run_1778071647507","hypothesisId":"H6","location":"Auth.php:input","message":"Raw input received","data":{"action":"check_session","email":"","emailLength":0,"emailBytes":""},"timestamp":1778071647596}
{"sessionId":"717d92","runId":"run_1778071647507","hypothesisId":"H6","location":"Auth.php:route","message":"Incoming auth action","data":{"action":"check_session","sessionId":"gcp39rtt9gge082ub3c95pc9k1","method":"POST"},"timestamp":1778071647605}
{"sessionId":"717d92","runId":"run_1778071647507","hypothesisId":"H6","location":"Auth.php:handleCheckSession:start","message":"Checking current session","data":{"hasUserSession":false,"hasRememberToken":false},"timestamp":1778071647606}
{"sessionId":"717d92","runId":"run_1778071647507","hypothesisId":"H6","location":"Auth.php:handleCheckSession:none","message":"No active session","data":[],"timestamp":1778071647607}
{"sessionId":"717d92","runId":"run_1778071647507","hypothesisId":"H6","location":"Auth.php:input","message":"Raw input received","data":{"action":"login","email":"admin@gmail.com","emailLength":15,"emailBytes":"61646d696e40676d61696c2e636f6d"},"timestamp":1778071653058}
{"sessionId":"717d92","runId":"run_1778071647507","hypothesisId":"H6","location":"Auth.php:route","message":"Incoming auth action","data":{"action":"login","sessionId":"gcp39rtt9gge082ub3c95pc9k1","method":"POST"},"timestamp":1778071653059}
{"sessionId":"717d92","runId":"run_1778071647507","hypothesisId":"H1","location":"Auth.php:handleLogin:start","message":"Login request received","data":{"email":"admin@gmail.com","hasPassword":true,"sessionId":"gcp39rtt9gge082ub3c95pc9k1"},"timestamp":1778071653060}
{"sessionId":"717d92","runId":"run_1778071647507","hypothesisId":"H1","location":"Auth.php:handleLogin:userFetch","message":"User fetched from DB","data":{"email":"admin@gmail.com","userFound":false,"userProvider":null},"timestamp":1778071653647}
{"sessionId":"717d92","runId":"run_1778071647507","hypothesisId":"H1","location":"Auth.php:handleLogin:adminCheck","message":"ADMIN CHECK PASSED - Email matches admin@gmail.com","data":{"email":"admin@gmail.com","emailLength":15,"comparison":true,"userFound":false},"timestamp":1778071653648}
{"sessionId":"717d92","runId":"run_1778071647507","hypothesisId":"H1","location":"Auth.php:handleLogin:noUser","message":"No user found with this email","data":[],"timestamp":1778071653649}
{"sessionId":"717d92","runId":"run_1778071647507","hypothesisId":"H6","location":"Auth.php:input","message":"Raw input received","data":{"action":"login","email":"admin@gmail.com","emailLength":15,"emailBytes":"61646d696e40676d61696c2e636f6d"},"timestamp":1778071659218}
{"sessionId":"717d92","runId":"run_1778071647507","hypothesisId":"H6","location":"Auth.php:route","message":"Incoming auth action","data":{"action":"login","sessionId":"gcp39rtt9gge082ub3c95pc9k1","method":"POST"},"timestamp":1778071659219}
{"sessionId":"717d92","runId":"run_1778071647507","hypothesisId":"H1","location":"Auth.php:handleLogin:start","message":"Login request received","data":{"email":"admin@gmail.com","hasPassword":true,"sessionId":"gcp39rtt9gge082ub3c95pc9k1"},"timestamp":1778071659219}
{"sessionId":"717d92","runId":"run_1778071647507","hypothesisId":"H1","location":"Auth.php:handleLogin:userFetch","message":"User fetched from DB","data":{"email":"admin@gmail.com","userFound":false,"userProvider":null},"timestamp":1778071659670}
{"sessionId":"717d92","runId":"run_1778071647507","hypothesisId":"H1","location":"Auth.php:handleLogin:adminCheck","message":"ADMIN CHECK PASSED - Email matches admin@gmail.com","data":{"email":"admin@gmail.com","emailLength":15,"comparison":true,"userFound":false},"timestamp":1778071659671}
{"sessionId":"717d92","runId":"run_1778071647507","hypothesisId":"H1","location":"Auth.php:handleLogin:noUser","message":"No user found with this email","data":[],"timestamp":1778071659671}
{"sessionId":"717d92","runId":"run_1778071661246","hypothesisId":"H6","location":"Auth.php:input","message":"Raw input received","data":{"action":"check_session","email":"","emailLength":0,"emailBytes":""},"timestamp":1778071661265}
{"sessionId":"717d92","runId":"run_1778071661246","hypothesisId":"H6","location":"Auth.php:route","message":"Incoming auth action","data":{"action":"check_session","sessionId":"gcp39rtt9gge082ub3c95pc9k1","method":"POST"},"timestamp":1778071661266}
{"sessionId":"717d92","runId":"run_1778071661246","hypothesisId":"H6","location":"Auth.php:handleCheckSession:start","message":"Checking current session","data":{"hasUserSession":false,"hasRememberToken":false},"timestamp":1778071661267}
{"sessionId":"717d92","runId":"run_1778071661246","hypothesisId":"H6","location":"Auth.php:handleCheckSession:none","message":"No active session","data":[],"timestamp":1778071661267}
{"sessionId":"717d92","runId":"run_1778071683612","hypothesisId":"H6","location":"Auth.php:input","message":"Raw input received","data":{"action":"check_session","email":"","emailLength":0,"emailBytes":""},"timestamp":1778071683660}
{"sessionId":"717d92","runId":"run_1778071683612","hypothesisId":"H6","location":"Auth.php:route","message":"Incoming auth action","data":{"action":"check_session","sessionId":"gcp39rtt9gge082ub3c95pc9k1","method":"POST"},"timestamp":1778071683664}
{"sessionId":"717d92","runId":"run_1778071683612","hypothesisId":"H6","location":"Auth.php:handleCheckSession:start","message":"Checking current session","data":{"hasUserSession":false,"hasRememberToken":false},"timestamp":1778071683665}
{"sessionId":"717d92","runId":"run_1778071683612","hypothesisId":"H6","location":"Auth.php:handleCheckSession:none","message":"No active session","data":[],"timestamp":1778071683666}
{"sessionId":"717d92","runId":"run_1778071683612","hypothesisId":"H6","location":"Auth.php:input","message":"Raw input received","data":{"action":"login","email":"admin@gmail.com","emailLength":15,"emailBytes":"61646d696e40676d61696c2e636f6d"},"timestamp":1778071689396}
{"sessionId":"717d92","runId":"run_1778071683612","hypothesisId":"H6","location":"Auth.php:route","message":"Incoming auth action","data":{"action":"login","sessionId":"gcp39rtt9gge082ub3c95pc9k1","method":"POST"},"timestamp":1778071689397}
{"sessionId":"717d92","runId":"run_1778071683612","hypothesisId":"H1","location":"Auth.php:handleLogin:start","message":"Login request received","data":{"email":"admin@gmail.com","hasPassword":true,"sessionId":"gcp39rtt9gge082ub3c95pc9k1"},"timestamp":1778071689397}
{"sessionId":"717d92","runId":"run_1778071683612","hypothesisId":"H1","location":"Auth.php:handleLogin:userFetch","message":"User fetched from DB","data":{"email":"admin@gmail.com","userFound":false,"userProvider":null},"timestamp":1778071689960}
{"sessionId":"717d92","runId":"run_1778071683612","hypothesisId":"H1","location":"Auth.php:handleLogin:adminCheck","message":"ADMIN CHECK PASSED - Email matches admin@gmail.com","data":{"email":"admin@gmail.com","emailLength":15,"comparison":true,"userFound":false},"timestamp":1778071689961}
{"sessionId":"717d92","runId":"run_1778071683612","hypothesisId":"H1","location":"Auth.php:handleLogin:noUser","message":"No user found with this email","data":[],"timestamp":1778071689962}
{"sessionId":"717d92","runId":"unknown","hypothesisId":"H6","location":"Auth.php:input","message":"Raw input received","data":{"action":"check_session","email":"","emailLength":0,"emailBytes":""},"timestamp":1778073444290}
{"sessionId":"717d92","runId":"unknown","hypothesisId":"H6","location":"Auth.php:route","message":"Incoming auth action","data":{"action":"check_session","sessionId":"gcp39rtt9gge082ub3c95pc9k1","method":"POST"},"timestamp":1778073444312}
{"sessionId":"717d92","runId":"unknown","hypothesisId":"H6","location":"Auth.php:handleCheckSession:start","message":"Checking current session","data":{"hasUserSession":false,"hasRememberToken":false},"timestamp":1778073444315}
{"sessionId":"717d92","runId":"unknown","hypothesisId":"H6","location":"Auth.php:handleCheckSession:none","message":"No active session","data":[],"timestamp":1778073444317}
{"sessionId":"717d92","runId":"run_1778073444849","hypothesisId":"H6","location":"Auth.php:input","message":"Raw input received","data":{"action":"check_session","email":"","emailLength":0,"emailBytes":""},"timestamp":1778073444879}
{"sessionId":"717d92","runId":"run_1778073444849","hypothesisId":"H6","location":"Auth.php:route","message":"Incoming auth action","data":{"action":"check_session","sessionId":"gcp39rtt9gge082ub3c95pc9k1","method":"POST"},"timestamp":1778073444881}
{"sessionId":"717d92","runId":"run_1778073444849","hypothesisId":"H6","location":"Auth.php:handleCheckSession:start","message":"Checking current session","data":{"hasUserSession":false,"hasRememberToken":false},"timestamp":1778073444882}
{"sessionId":"717d92","runId":"run_1778073444849","hypothesisId":"H6","location":"Auth.php:handleCheckSession:none","message":"No active session","data":[],"timestamp":1778073444885}
{"sessionId":"717d92","runId":"run_1778073444849","hypothesisId":"H6","location":"Auth.php:input","message":"Raw input received","data":{"action":"facebook_auth","email":"","emailLength":0,"emailBytes":""},"timestamp":1778073453753}
{"sessionId":"717d92","runId":"run_1778073444849","hypothesisId":"H6","location":"Auth.php:route","message":"Incoming auth action","data":{"action":"facebook_auth","sessionId":"gcp39rtt9gge082ub3c95pc9k1","method":"POST"},"timestamp":1778073453755}
{"sessionId":"717d92","runId":"run_1778073444849","hypothesisId":"H12","location":"Auth.php:handleFacebookAuth:config","message":"Facebook auth config loaded","data":{"hasAppId":true,"hasAppSecret":true},"timestamp":1778073453757}
{"sessionId":"717d92","runId":"unknown","hypothesisId":"H6","location":"Auth.php:input","message":"Raw input received","data":{"action":"check_session","email":"","emailLength":0,"emailBytes":""},"timestamp":1778073456999}
{"sessionId":"717d92","runId":"unknown","hypothesisId":"H6","location":"Auth.php:route","message":"Incoming auth action","data":{"action":"check_session","sessionId":"c6a1qknufu9t1in9jjqjm0d2ur","method":"POST"},"timestamp":1778073456999}
{"sessionId":"717d92","runId":"unknown","hypothesisId":"H6","location":"Auth.php:handleCheckSession:start","message":"Checking current session","data":{"hasUserSession":true,"hasRememberToken":false},"timestamp":1778073457000}
{"sessionId":"717d92","runId":"unknown","hypothesisId":"H6","location":"Auth.php:handleCheckSession:active","message":"Active session found","data":{"userId":1},"timestamp":1778073457001}
{"sessionId":"717d92","runId":"run_1778073463513","hypothesisId":"H6","location":"Auth.php:input","message":"Raw input received","data":{"action":"check_session","email":"","emailLength":0,"emailBytes":""},"timestamp":1778073463536}
{"sessionId":"717d92","runId":"run_1778073463513","hypothesisId":"H6","location":"Auth.php:route","message":"Incoming auth action","data":{"action":"check_session","sessionId":"c6a1qknufu9t1in9jjqjm0d2ur","method":"POST"},"timestamp":1778073463537}
{"sessionId":"717d92","runId":"run_1778073463513","hypothesisId":"H6","location":"Auth.php:handleCheckSession:start","message":"Checking current session","data":{"hasUserSession":true,"hasRememberToken":false},"timestamp":1778073463537}
{"sessionId":"717d92","runId":"run_1778073463513","hypothesisId":"H6","location":"Auth.php:handleCheckSession:active","message":"Active session found","data":{"userId":1},"timestamp":1778073463538}
{"sessionId":"717d92","runId":"unknown","hypothesisId":"H6","location":"Auth.php:input","message":"Raw input received","data":{"action":"check_session","email":"","emailLength":0,"emailBytes":""},"timestamp":1778073463640}
{"sessionId":"717d92","runId":"unknown","hypothesisId":"H6","location":"Auth.php:route","message":"Incoming auth action","data":{"action":"check_session","sessionId":"c6a1qknufu9t1in9jjqjm0d2ur","method":"POST"},"timestamp":1778073463641}
{"sessionId":"717d92","runId":"unknown","hypothesisId":"H6","location":"Auth.php:handleCheckSession:start","message":"Checking current session","data":{"hasUserSession":true,"hasRememberToken":false},"timestamp":1778073463641}
{"sessionId":"717d92","runId":"unknown","hypothesisId":"H6","location":"Auth.php:handleCheckSession:active","message":"Active session found","data":{"userId":1},"timestamp":1778073463642}
{"sessionId":"717d92","runId":"run_1778125915242","hypothesisId":"H6","location":"Auth.php:input","message":"Raw input received","data":{"action":"check_session","email":"","emailLength":0,"emailBytes":""},"timestamp":1778125915302}
{"sessionId":"717d92","runId":"run_1778125915242","hypothesisId":"H6","location":"Auth.php:route","message":"Incoming auth action","data":{"action":"check_session","sessionId":"bcc8lnplu2sd8qciav0vm4qp9f","method":"POST"},"timestamp":1778125915309}
{"sessionId":"717d92","runId":"run_1778125915242","hypothesisId":"H6","location":"Auth.php:handleCheckSession:start","message":"Checking current session","data":{"hasUserSession":false,"hasRememberToken":false},"timestamp":1778125915311}
{"sessionId":"717d92","runId":"run_1778125915242","hypothesisId":"H6","location":"Auth.php:handleCheckSession:none","message":"No active session","data":[],"timestamp":1778125915312}
{"sessionId":"717d92","runId":"run_1778125915242","hypothesisId":"H6","location":"Auth.php:input","message":"Raw input received","data":{"action":"login","email":"admin@gmail.com","emailLength":15,"emailBytes":"61646d696e40676d61696c2e636f6d"},"timestamp":1778125919915}
{"sessionId":"717d92","runId":"run_1778125915242","hypothesisId":"H6","location":"Auth.php:route","message":"Incoming auth action","data":{"action":"login","sessionId":"bcc8lnplu2sd8qciav0vm4qp9f","method":"POST"},"timestamp":1778125919917}
{"sessionId":"717d92","runId":"run_1778125915242","hypothesisId":"H1","location":"Auth.php:handleLogin:start","message":"Login request received","data":{"email":"admin@gmail.com","hasPassword":true,"sessionId":"bcc8lnplu2sd8qciav0vm4qp9f"},"timestamp":1778125919919}
{"sessionId":"717d92","runId":"run_1778125915242","hypothesisId":"H1","location":"Auth.php:handleLogin:userFetch","message":"User fetched from DB","data":{"email":"admin@gmail.com","userFound":false,"userProvider":null},"timestamp":1778125920879}
{"sessionId":"717d92","runId":"run_1778125915242","hypothesisId":"H1","location":"Auth.php:handleLogin:adminCheck","message":"ADMIN CHECK PASSED - Email matches admin@gmail.com","data":{"email":"admin@gmail.com","emailLength":15,"comparison":true,"userFound":false},"timestamp":1778125920881}
{"sessionId":"717d92","runId":"run_1778125915242","hypothesisId":"H1","location":"Auth.php:handleLogin:noUser","message":"No user found with this email","data":[],"timestamp":1778125920882}
{"sessionId":"717d92","runId":"run_1778125922556","hypothesisId":"H6","location":"Auth.php:input","message":"Raw input received","data":{"action":"check_session","email":"","emailLength":0,"emailBytes":""},"timestamp":1778125922690}
{"sessionId":"717d92","runId":"run_1778125922556","hypothesisId":"H6","location":"Auth.php:route","message":"Incoming auth action","data":{"action":"check_session","sessionId":"bcc8lnplu2sd8qciav0vm4qp9f","method":"POST"},"timestamp":1778125922691}
{"sessionId":"717d92","runId":"run_1778125922556","hypothesisId":"H6","location":"Auth.php:handleCheckSession:start","message":"Checking current session","data":{"hasUserSession":false,"hasRememberToken":false},"timestamp":1778125922692}
{"sessionId":"717d92","runId":"run_1778125922556","hypothesisId":"H6","location":"Auth.php:handleCheckSession:none","message":"No active session","data":[],"timestamp":1778125922693}
{"sessionId":"717d92","runId":"run_1778125922556","hypothesisId":"H6","location":"Auth.php:input","message":"Raw input received","data":{"action":"login","email":"admin@gmail.com","emailLength":15,"emailBytes":"61646d696e40676d61696c2e636f6d"},"timestamp":1778125928363}
{"sessionId":"717d92","runId":"run_1778125922556","hypothesisId":"H6","location":"Auth.php:route","message":"Incoming auth action","data":{"action":"login","sessionId":"bcc8lnplu2sd8qciav0vm4qp9f","method":"POST"},"timestamp":1778125928364}
{"sessionId":"717d92","runId":"run_1778125922556","hypothesisId":"H1","location":"Auth.php:handleLogin:start","message":"Login request received","data":{"email":"admin@gmail.com","hasPassword":true,"sessionId":"bcc8lnplu2sd8qciav0vm4qp9f"},"timestamp":1778125928365}
{"sessionId":"717d92","runId":"run_1778125922556","hypothesisId":"H1","location":"Auth.php:handleLogin:userFetch","message":"User fetched from DB","data":{"email":"admin@gmail.com","userFound":false,"userProvider":null},"timestamp":1778125928764}
{"sessionId":"717d92","runId":"run_1778125922556","hypothesisId":"H1","location":"Auth.php:handleLogin:adminCheck","message":"ADMIN CHECK PASSED - Email matches admin@gmail.com","data":{"email":"admin@gmail.com","emailLength":15,"comparison":true,"userFound":false},"timestamp":1778125928764}
{"sessionId":"717d92","runId":"run_1778125922556","hypothesisId":"H1","location":"Auth.php:handleLogin:noUser","message":"No user found with this email","data":[],"timestamp":1778125928766}
{"sessionId":"717d92","runId":"run_1778125922556","hypothesisId":"H6","location":"Auth.php:input","message":"Raw input received","data":{"action":"login","email":"admin@gmail.com","emailLength":15,"emailBytes":"61646d696e40676d61696c2e636f6d"},"timestamp":1778125932472}
{"sessionId":"717d92","runId":"run_1778125922556","hypothesisId":"H6","location":"Auth.php:route","message":"Incoming auth action","data":{"action":"login","sessionId":"bcc8lnplu2sd8qciav0vm4qp9f","method":"POST"},"timestamp":1778125932473}
{"sessionId":"717d92","runId":"run_1778125922556","hypothesisId":"H1","location":"Auth.php:handleLogin:start","message":"Login request received","data":{"email":"admin@gmail.com","hasPassword":true,"sessionId":"bcc8lnplu2sd8qciav0vm4qp9f"},"timestamp":1778125932474}
{"sessionId":"717d92","runId":"run_1778125922556","hypothesisId":"H1","location":"Auth.php:handleLogin:userFetch","message":"User fetched from DB","data":{"email":"admin@gmail.com","userFound":false,"userProvider":null},"timestamp":1778125932864}
{"sessionId":"717d92","runId":"run_1778125922556","hypothesisId":"H1","location":"Auth.php:handleLogin:adminCheck","message":"ADMIN CHECK PASSED - Email matches admin@gmail.com","data":{"email":"admin@gmail.com","emailLength":15,"comparison":true,"userFound":false},"timestamp":1778125932865}
{"sessionId":"717d92","runId":"run_1778125922556","hypothesisId":"H1","location":"Auth.php:handleLogin:noUser","message":"No user found with this email","data":[],"timestamp":1778125932866}
{"sessionId":"717d92","runId":"run_1778125922556","hypothesisId":"H6","location":"Auth.php:input","message":"Raw input received","data":{"action":"login","email":"admin@gmail.com","emailLength":15,"emailBytes":"61646d696e40676d61696c2e636f6d"},"timestamp":1778125995294}
{"sessionId":"717d92","runId":"run_1778125922556","hypothesisId":"H6","location":"Auth.php:route","message":"Incoming auth action","data":{"action":"login","sessionId":"bcc8lnplu2sd8qciav0vm4qp9f","method":"POST"},"timestamp":1778125995297}
{"sessionId":"717d92","runId":"run_1778125922556","hypothesisId":"H1","location":"Auth.php:handleLogin:start","message":"Login request received","data":{"email":"admin@gmail.com","hasPassword":true,"sessionId":"bcc8lnplu2sd8qciav0vm4qp9f"},"timestamp":1778125995298}
{"sessionId":"717d92","runId":"run_1778125922556","hypothesisId":"H1","location":"Auth.php:handleLogin:userFetch","message":"User fetched from DB","data":{"email":"admin@gmail.com","userFound":false,"userProvider":null},"timestamp":1778125995725}
{"sessionId":"717d92","runId":"run_1778125922556","hypothesisId":"H1","location":"Auth.php:handleLogin:adminCheck","message":"ADMIN CHECK PASSED - Email matches admin@gmail.com","data":{"email":"admin@gmail.com","emailLength":15,"comparison":true,"userFound":false},"timestamp":1778125995725}
{"sessionId":"717d92","runId":"run_1778125922556","hypothesisId":"H1","location":"Auth.php:handleLogin:noUser","message":"No user found with this email","data":[],"timestamp":1778125995726}
{"sessionId":"717d92","runId":"run_1778125922556","hypothesisId":"H6","location":"Auth.php:input","message":"Raw input received","data":{"action":"signup","email":"veejay@gmail.com","emailLength":16,"emailBytes":"7665656a617940676d61696c2e636f6d"},"timestamp":1778126036726}
{"sessionId":"717d92","runId":"run_1778125922556","hypothesisId":"H6","location":"Auth.php:route","message":"Incoming auth action","data":{"action":"signup","sessionId":"bcc8lnplu2sd8qciav0vm4qp9f","method":"POST"},"timestamp":1778126036727}
{"sessionId":"717d92","runId":"run_1778125922556","hypothesisId":"H7","location":"Auth.php:handleSignup:start","message":"Signup request received","data":{"hasName":true,"email":"veejay@gmail.com","passwordLength":8,"sessionId":"bcc8lnplu2sd8qciav0vm4qp9f"},"timestamp":1778126036728}
{"sessionId":"717d92","runId":"run_1778125922556","hypothesisId":"H8","location":"Auth.php:shutdown","message":"Fatal PHP error detected","data":{"type":1,"message":"Uncaught PDOException: SQLSTATE[42S22]: Column not found: 1054 Unknown column 'email_verified' in 'field list' in C:\\laragon\\www\\WEBTOOLSs\\Auth.php:137\nStack trace:\n#0 C:\\laragon\\www\\WEBTOOLSs\\Auth.php(137): PDO->prepare('SELECT id, emai...')\n#1 C:\\laragon\\www\\WEBTOOLSs\\Auth.php(75): handleSignup(Array)\n#2 {main}\n  thrown","file":"C:\\laragon\\www\\WEBTOOLSs\\Auth.php","line":137},"timestamp":1778126036763}
{"sessionId":"717d92","runId":"run_1778125922556","hypothesisId":"H6","location":"Auth.php:input","message":"Raw input received","data":{"action":"signup","email":"veejay@gmail.com","emailLength":16,"emailBytes":"7665656a617940676d61696c2e636f6d"},"timestamp":1778126043601}
{"sessionId":"717d92","runId":"run_1778125922556","hypothesisId":"H6","location":"Auth.php:route","message":"Incoming auth action","data":{"action":"signup","sessionId":"bcc8lnplu2sd8qciav0vm4qp9f","method":"POST"},"timestamp":1778126043602}
{"sessionId":"717d92","runId":"run_1778125922556","hypothesisId":"H7","location":"Auth.php:handleSignup:start","message":"Signup request received","data":{"hasName":true,"email":"veejay@gmail.com","passwordLength":8,"sessionId":"bcc8lnplu2sd8qciav0vm4qp9f"},"timestamp":1778126043603}
{"sessionId":"717d92","runId":"run_1778125922556","hypothesisId":"H8","location":"Auth.php:shutdown","message":"Fatal PHP error detected","data":{"type":1,"message":"Uncaught PDOException: SQLSTATE[42S22]: Column not found: 1054 Unknown column 'email_verified' in 'field list' in C:\\laragon\\www\\WEBTOOLSs\\Auth.php:137\nStack trace:\n#0 C:\\laragon\\www\\WEBTOOLSs\\Auth.php(137): PDO->prepare('SELECT id, emai...')\n#1 C:\\laragon\\www\\WEBTOOLSs\\Auth.php(75): handleSignup(Array)\n#2 {main}\n  thrown","file":"C:\\laragon\\www\\WEBTOOLSs\\Auth.php","line":137},"timestamp":1778126043628}
{"sessionId":"717d92","runId":"run_1778125922556","hypothesisId":"H6","location":"Auth.php:input","message":"Raw input received","data":{"action":"signup","email":"veejay@gmail.com","emailLength":16,"emailBytes":"7665656a617940676d61696c2e636f6d"},"timestamp":1778126044167}
{"sessionId":"717d92","runId":"run_1778125922556","hypothesisId":"H6","location":"Auth.php:route","message":"Incoming auth action","data":{"action":"signup","sessionId":"bcc8lnplu2sd8qciav0vm4qp9f","method":"POST"},"timestamp":1778126044168}
{"sessionId":"717d92","runId":"run_1778125922556","hypothesisId":"H7","location":"Auth.php:handleSignup:start","message":"Signup request received","data":{"hasName":true,"email":"veejay@gmail.com","passwordLength":8,"sessionId":"bcc8lnplu2sd8qciav0vm4qp9f"},"timestamp":1778126044169}
{"sessionId":"717d92","runId":"run_1778125922556","hypothesisId":"H8","location":"Auth.php:shutdown","message":"Fatal PHP error detected","data":{"type":1,"message":"Uncaught PDOException: SQLSTATE[42S22]: Column not found: 1054 Unknown column 'email_verified' in 'field list' in C:\\laragon\\www\\WEBTOOLSs\\Auth.php:137\nStack trace:\n#0 C:\\laragon\\www\\WEBTOOLSs\\Auth.php(137): PDO->prepare('SELECT id, emai...')\n#1 C:\\laragon\\www\\WEBTOOLSs\\Auth.php(75): handleSignup(Array)\n#2 {main}\n  thrown","file":"C:\\laragon\\www\\WEBTOOLSs\\Auth.php","line":137},"timestamp":1778126044209}
{"sessionId":"717d92","runId":"run_1778125922556","hypothesisId":"H6","location":"Auth.php:input","message":"Raw input received","data":{"action":"signup","email":"veejay@gmail.com","emailLength":16,"emailBytes":"7665656a617940676d61696c2e636f6d"},"timestamp":1778126044316}
{"sessionId":"717d92","runId":"run_1778125922556","hypothesisId":"H6","location":"Auth.php:route","message":"Incoming auth action","data":{"action":"signup","sessionId":"bcc8lnplu2sd8qciav0vm4qp9f","method":"POST"},"timestamp":1778126044317}
{"sessionId":"717d92","runId":"run_1778125922556","hypothesisId":"H7","location":"Auth.php:handleSignup:start","message":"Signup request received","data":{"hasName":true,"email":"veejay@gmail.com","passwordLength":8,"sessionId":"bcc8lnplu2sd8qciav0vm4qp9f"},"timestamp":1778126044319}
{"sessionId":"717d92","runId":"run_1778125922556","hypothesisId":"H8","location":"Auth.php:shutdown","message":"Fatal PHP error detected","data":{"type":1,"message":"Uncaught PDOException: SQLSTATE[42S22]: Column not found: 1054 Unknown column 'email_verified' in 'field list' in C:\\laragon\\www\\WEBTOOLSs\\Auth.php:137\nStack trace:\n#0 C:\\laragon\\www\\WEBTOOLSs\\Auth.php(137): PDO->prepare('SELECT id, emai...')\n#1 C:\\laragon\\www\\WEBTOOLSs\\Auth.php(75): handleSignup(Array)\n#2 {main}\n  thrown","file":"C:\\laragon\\www\\WEBTOOLSs\\Auth.php","line":137},"timestamp":1778126044339}
{"sessionId":"717d92","runId":"run_1778125922556","hypothesisId":"H6","location":"Auth.php:input","message":"Raw input received","data":{"action":"signup","email":"veejay@gmail.com","emailLength":16,"emailBytes":"7665656a617940676d61696c2e636f6d"},"timestamp":1778126044471}
{"sessionId":"717d92","runId":"run_1778125922556","hypothesisId":"H6","location":"Auth.php:route","message":"Incoming auth action","data":{"action":"signup","sessionId":"bcc8lnplu2sd8qciav0vm4qp9f","method":"POST"},"timestamp":1778126044472}
{"sessionId":"717d92","runId":"run_1778125922556","hypothesisId":"H7","location":"Auth.php:handleSignup:start","message":"Signup request received","data":{"hasName":true,"email":"veejay@gmail.com","passwordLength":8,"sessionId":"bcc8lnplu2sd8qciav0vm4qp9f"},"timestamp":1778126044474}
{"sessionId":"717d92","runId":"run_1778125922556","hypothesisId":"H8","location":"Auth.php:shutdown","message":"Fatal PHP error detected","data":{"type":1,"message":"Uncaught PDOException: SQLSTATE[42S22]: Column not found: 1054 Unknown column 'email_verified' in 'field list' in C:\\laragon\\www\\WEBTOOLSs\\Auth.php:137\nStack trace:\n#0 C:\\laragon\\www\\WEBTOOLSs\\Auth.php(137): PDO->prepare('SELECT id, emai...')\n#1 C:\\laragon\\www\\WEBTOOLSs\\Auth.php(75): handleSignup(Array)\n#2 {main}\n  thrown","file":"C:\\laragon\\www\\WEBTOOLSs\\Auth.php","line":137},"timestamp":1778126044485}
{"sessionId":"717d92","runId":"run_1778125922556","hypothesisId":"H6","location":"Auth.php:input","message":"Raw input received","data":{"action":"signup","email":"veejay@gmail.com","emailLength":16,"emailBytes":"7665656a617940676d61696c2e636f6d"},"timestamp":1778126044581}
{"sessionId":"717d92","runId":"run_1778125922556","hypothesisId":"H6","location":"Auth.php:route","message":"Incoming auth action","data":{"action":"signup","sessionId":"bcc8lnplu2sd8qciav0vm4qp9f","method":"POST"},"timestamp":1778126044582}
{"sessionId":"717d92","runId":"run_1778125922556","hypothesisId":"H7","location":"Auth.php:handleSignup:start","message":"Signup request received","data":{"hasName":true,"email":"veejay@gmail.com","passwordLength":8,"sessionId":"bcc8lnplu2sd8qciav0vm4qp9f"},"timestamp":1778126044582}
{"sessionId":"717d92","runId":"run_1778125922556","hypothesisId":"H8","location":"Auth.php:shutdown","message":"Fatal PHP error detected","data":{"type":1,"message":"Uncaught PDOException: SQLSTATE[42S22]: Column not found: 1054 Unknown column 'email_verified' in 'field list' in C:\\laragon\\www\\WEBTOOLSs\\Auth.php:137\nStack trace:\n#0 C:\\laragon\\www\\WEBTOOLSs\\Auth.php(137): PDO->prepare('SELECT id, emai...')\n#1 C:\\laragon\\www\\WEBTOOLSs\\Auth.php(75): handleSignup(Array)\n#2 {main}\n  thrown","file":"C:\\laragon\\www\\WEBTOOLSs\\Auth.php","line":137},"timestamp":1778126044605}
{"sessionId":"717d92","runId":"run_1778127272037","hypothesisId":"H6","location":"Auth.php:input","message":"Raw input received","data":{"action":"check_session","email":"","emailLength":0,"emailBytes":""},"timestamp":1778127272054}
{"sessionId":"717d92","runId":"run_1778127272037","hypothesisId":"H6","location":"Auth.php:route","message":"Incoming auth action","data":{"action":"check_session","sessionId":"bcc8lnplu2sd8qciav0vm4qp9f","method":"POST"},"timestamp":1778127272057}
{"sessionId":"717d92","runId":"run_1778127272037","hypothesisId":"H6","location":"Auth.php:handleCheckSession:start","message":"Checking current session","data":{"hasUserSession":false,"hasRememberToken":false},"timestamp":1778127272060}
{"sessionId":"717d92","runId":"run_1778127272037","hypothesisId":"H6","location":"Auth.php:handleCheckSession:none","message":"No active session","data":[],"timestamp":1778127272060}
{"sessionId":"717d92","runId":"run_1778127272037","hypothesisId":"H6","location":"Auth.php:input","message":"Raw input received","data":{"action":"login","email":"admin@gmail.com","emailLength":15,"emailBytes":"61646d696e40676d61696c2e636f6d"},"timestamp":1778127276073}
{"sessionId":"717d92","runId":"run_1778127272037","hypothesisId":"H6","location":"Auth.php:route","message":"Incoming auth action","data":{"action":"login","sessionId":"bcc8lnplu2sd8qciav0vm4qp9f","method":"POST"},"timestamp":1778127276074}
{"sessionId":"717d92","runId":"run_1778127272037","hypothesisId":"H1","location":"Auth.php:handleLogin:start","message":"Login request received","data":{"email":"admin@gmail.com","hasPassword":true,"sessionId":"bcc8lnplu2sd8qciav0vm4qp9f"},"timestamp":1778127276075}
{"sessionId":"717d92","runId":"run_1778127272037","hypothesisId":"H1","location":"Auth.php:handleLogin:userFetch","message":"User fetched from DB","data":{"email":"admin@gmail.com","userFound":true,"userProvider":"email"},"timestamp":1778127276103}
{"sessionId":"717d92","runId":"run_1778127272037","hypothesisId":"H1","location":"Auth.php:handleLogin:adminCheck","message":"ADMIN CHECK PASSED - Email matches admin@gmail.com","data":{"email":"admin@gmail.com","emailLength":15,"comparison":true,"userFound":true},"timestamp":1778127276104}
{"sessionId":"717d92","runId":"run_1778127272037","hypothesisId":"H1","location":"Auth.php:handleLogin:password","message":"Password verification result","data":{"passwordMatch":true},"timestamp":1778127276517}
{"sessionId":"717d92","runId":"run_1778127272037","hypothesisId":"H1","location":"Auth.php:handleLogin:admin","message":"Admin login \u2014 bypassing OTP","data":{"userId":25},"timestamp":1778127276518}
{"sessionId":"717d92","runId":"run_1778128236354","hypothesisId":"H6","location":"Auth.php:input","message":"Raw input received","data":{"action":"check_session","email":"","emailLength":0,"emailBytes":""},"timestamp":1778128236398}
{"sessionId":"717d92","runId":"run_1778128236354","hypothesisId":"H6","location":"Auth.php:route","message":"Incoming auth action","data":{"action":"check_session","sessionId":"56l3jff02bokgvk0qm9fe3h55u","method":"POST"},"timestamp":1778128236407}
{"sessionId":"717d92","runId":"run_1778128236354","hypothesisId":"H6","location":"Auth.php:handleCheckSession:start","message":"Checking current session","data":{"hasUserSession":true,"hasRememberToken":false},"timestamp":1778128236407}
{"sessionId":"717d92","runId":"run_1778128236354","hypothesisId":"H6","location":"Auth.php:handleCheckSession:active","message":"Active session found","data":{"userId":25},"timestamp":1778128236408}
{"sessionId":"717d92","runId":"unknown","hypothesisId":"H6","location":"Auth.php:input","message":"Raw input received","data":{"action":"check_session","email":"","emailLength":0,"emailBytes":""},"timestamp":1778128239105}
{"sessionId":"717d92","runId":"unknown","hypothesisId":"H6","location":"Auth.php:route","message":"Incoming auth action","data":{"action":"check_session","sessionId":"56l3jff02bokgvk0qm9fe3h55u","method":"POST"},"timestamp":1778128239106}
{"sessionId":"717d92","runId":"unknown","hypothesisId":"H6","location":"Auth.php:handleCheckSession:start","message":"Checking current session","data":{"hasUserSession":true,"hasRememberToken":false},"timestamp":1778128239107}
{"sessionId":"717d92","runId":"unknown","hypothesisId":"H6","location":"Auth.php:handleCheckSession:active","message":"Active session found","data":{"userId":25},"timestamp":1778128239107}
{"sessionId":"717d92","runId":"unknown","hypothesisId":"H6","location":"Auth.php:input","message":"Raw input received","data":{"action":"logout","email":"","emailLength":0,"emailBytes":""},"timestamp":1778128240147}
{"sessionId":"717d92","runId":"unknown","hypothesisId":"H6","location":"Auth.php:route","message":"Incoming auth action","data":{"action":"logout","sessionId":"56l3jff02bokgvk0qm9fe3h55u","method":"POST"},"timestamp":1778128240148}
{"sessionId":"717d92","runId":"run_1778128240181","hypothesisId":"H6","location":"Auth.php:input","message":"Raw input received","data":{"action":"check_session","email":"","emailLength":0,"emailBytes":""},"timestamp":1778128240209}
{"sessionId":"717d92","runId":"run_1778128240181","hypothesisId":"H6","location":"Auth.php:route","message":"Incoming auth action","data":{"action":"check_session","sessionId":"56l3jff02bokgvk0qm9fe3h55u","method":"POST"},"timestamp":1778128240210}
{"sessionId":"717d92","runId":"run_1778128240181","hypothesisId":"H6","location":"Auth.php:handleCheckSession:start","message":"Checking current session","data":{"hasUserSession":false,"hasRememberToken":false},"timestamp":1778128240211}
{"sessionId":"717d92","runId":"run_1778128240181","hypothesisId":"H6","location":"Auth.php:handleCheckSession:none","message":"No active session","data":[],"timestamp":1778128240212}
{"sessionId":"717d92","runId":"run_1778128240181","hypothesisId":"H6","location":"Auth.php:input","message":"Raw input received","data":{"action":"login","email":"staff@gmail.com","emailLength":15,"emailBytes":"737461666640676d61696c2e636f6d"},"timestamp":1778128250911}
{"sessionId":"717d92","runId":"run_1778128240181","hypothesisId":"H6","location":"Auth.php:route","message":"Incoming auth action","data":{"action":"login","sessionId":"56l3jff02bokgvk0qm9fe3h55u","method":"POST"},"timestamp":1778128250912}
{"sessionId":"717d92","runId":"run_1778128240181","hypothesisId":"H1","location":"Auth.php:handleLogin:start","message":"Login request received","data":{"email":"staff@gmail.com","hasPassword":true,"sessionId":"56l3jff02bokgvk0qm9fe3h55u"},"timestamp":1778128250913}
{"sessionId":"717d92","runId":"run_1778128240181","hypothesisId":"H1","location":"Auth.php:handleLogin:userFetch","message":"User fetched from DB","data":{"email":"staff@gmail.com","userFound":true,"userProvider":"email"},"timestamp":1778128250943}
{"sessionId":"717d92","runId":"run_1778128240181","hypothesisId":"H1","location":"Auth.php:handleLogin:notAdmin","message":"Admin check FAILED - email does NOT match admin@gmail.com","data":{"email":"staff@gmail.com","emailLength":15,"expected":"admin@gmail.com"},"timestamp":1778128250944}
{"sessionId":"717d92","runId":"run_1778128240181","hypothesisId":"H6","location":"Auth.php:input","message":"Raw input received","data":{"action":"login","email":"staff@gmail.com","emailLength":15,"emailBytes":"737461666640676d61696c2e636f6d"},"timestamp":1778128257289}
{"sessionId":"717d92","runId":"run_1778128240181","hypothesisId":"H6","location":"Auth.php:route","message":"Incoming auth action","data":{"action":"login","sessionId":"56l3jff02bokgvk0qm9fe3h55u","method":"POST"},"timestamp":1778128257290}
{"sessionId":"717d92","runId":"run_1778128240181","hypothesisId":"H1","location":"Auth.php:handleLogin:start","message":"Login request received","data":{"email":"staff@gmail.com","hasPassword":true,"sessionId":"56l3jff02bokgvk0qm9fe3h55u"},"timestamp":1778128257290}
{"sessionId":"717d92","runId":"run_1778128240181","hypothesisId":"H1","location":"Auth.php:handleLogin:userFetch","message":"User fetched from DB","data":{"email":"staff@gmail.com","userFound":true,"userProvider":"email"},"timestamp":1778128257314}
{"sessionId":"717d92","runId":"run_1778128240181","hypothesisId":"H1","location":"Auth.php:handleLogin:notAdmin","message":"Admin check FAILED - email does NOT match admin@gmail.com","data":{"email":"staff@gmail.com","emailLength":15,"expected":"admin@gmail.com"},"timestamp":1778128257314}
{"sessionId":"717d92","runId":"run_1778128240181","hypothesisId":"H6","location":"Auth.php:input","message":"Raw input received","data":{"action":"login","email":"staff@gmail.com","emailLength":15,"emailBytes":"737461666640676d61696c2e636f6d"},"timestamp":1778128262955}
{"sessionId":"717d92","runId":"run_1778128240181","hypothesisId":"H6","location":"Auth.php:route","message":"Incoming auth action","data":{"action":"login","sessionId":"56l3jff02bokgvk0qm9fe3h55u","method":"POST"},"timestamp":1778128262955}
{"sessionId":"717d92","runId":"run_1778128240181","hypothesisId":"H1","location":"Auth.php:handleLogin:start","message":"Login request received","data":{"email":"staff@gmail.com","hasPassword":true,"sessionId":"56l3jff02bokgvk0qm9fe3h55u"},"timestamp":1778128262956}
{"sessionId":"717d92","runId":"run_1778128240181","hypothesisId":"H1","location":"Auth.php:handleLogin:userFetch","message":"User fetched from DB","data":{"email":"staff@gmail.com","userFound":true,"userProvider":"email"},"timestamp":1778128262988}
{"sessionId":"717d92","runId":"run_1778128240181","hypothesisId":"H1","location":"Auth.php:handleLogin:notAdmin","message":"Admin check FAILED - email does NOT match admin@gmail.com","data":{"email":"staff@gmail.com","emailLength":15,"expected":"admin@gmail.com"},"timestamp":1778128262988}
{"sessionId":"717d92","runId":"run_1778128240181","hypothesisId":"H6","location":"Auth.php:input","message":"Raw input received","data":{"action":"login","email":"staff@gmail.com","emailLength":15,"emailBytes":"737461666640676d61696c2e636f6d"},"timestamp":1778128266004}
{"sessionId":"717d92","runId":"run_1778128240181","hypothesisId":"H6","location":"Auth.php:route","message":"Incoming auth action","data":{"action":"login","sessionId":"56l3jff02bokgvk0qm9fe3h55u","method":"POST"},"timestamp":1778128266005}
{"sessionId":"717d92","runId":"run_1778128240181","hypothesisId":"H1","location":"Auth.php:handleLogin:start","message":"Login request received","data":{"email":"staff@gmail.com","hasPassword":true,"sessionId":"56l3jff02bokgvk0qm9fe3h55u"},"timestamp":1778128266005}
{"sessionId":"717d92","runId":"run_1778128240181","hypothesisId":"H1","location":"Auth.php:handleLogin:userFetch","message":"User fetched from DB","data":{"email":"staff@gmail.com","userFound":true,"userProvider":"email"},"timestamp":1778128266027}
{"sessionId":"717d92","runId":"run_1778128240181","hypothesisId":"H1","location":"Auth.php:handleLogin:notAdmin","message":"Admin check FAILED - email does NOT match admin@gmail.com","data":{"email":"staff@gmail.com","emailLength":15,"expected":"admin@gmail.com"},"timestamp":1778128266028}
{"sessionId":"717d92","runId":"run_1778128452966","hypothesisId":"H6","location":"Auth.php:input","message":"Raw input received","data":{"action":"check_session","email":"","emailLength":0,"emailBytes":""},"timestamp":1778128453037}
{"sessionId":"717d92","runId":"run_1778128452966","hypothesisId":"H6","location":"Auth.php:route","message":"Incoming auth action","data":{"action":"check_session","sessionId":"56l3jff02bokgvk0qm9fe3h55u","method":"POST"},"timestamp":1778128453048}
{"sessionId":"717d92","runId":"run_1778128452966","hypothesisId":"H6","location":"Auth.php:handleCheckSession:start","message":"Checking current session","data":{"hasUserSession":false,"hasRememberToken":false},"timestamp":1778128453049}
{"sessionId":"717d92","runId":"run_1778128452966","hypothesisId":"H6","location":"Auth.php:handleCheckSession:none","message":"No active session","data":[],"timestamp":1778128453050}
{"sessionId":"717d92","runId":"run_1778128240181","hypothesisId":"H6","location":"Auth.php:input","message":"Raw input received","data":{"action":"login","email":"staff1@gmail.com","emailLength":16,"emailBytes":"73746166663140676d61696c2e636f6d"},"timestamp":1778128463723}
{"sessionId":"717d92","runId":"run_1778128240181","hypothesisId":"H6","location":"Auth.php:route","message":"Incoming auth action","data":{"action":"login","sessionId":"56l3jff02bokgvk0qm9fe3h55u","method":"POST"},"timestamp":1778128463725}
{"sessionId":"717d92","runId":"run_1778128240181","hypothesisId":"H1","location":"Auth.php:handleLogin:start","message":"Login request received","data":{"email":"staff1@gmail.com","hasPassword":true,"sessionId":"56l3jff02bokgvk0qm9fe3h55u"},"timestamp":1778128463726}
{"sessionId":"717d92","runId":"run_1778128240181","hypothesisId":"H1","location":"Auth.php:handleLogin:userFetch","message":"User fetched from DB","data":{"email":"staff1@gmail.com","userFound":false,"userProvider":null},"timestamp":1778128463942}
{"sessionId":"717d92","runId":"run_1778128240181","hypothesisId":"H1","location":"Auth.php:handleLogin:notAdmin","message":"Admin check FAILED - email does NOT match admin@gmail.com","data":{"email":"staff1@gmail.com","emailLength":16,"expected":"admin@gmail.com"},"timestamp":1778128463943}
{"sessionId":"717d92","runId":"run_1778128240181","hypothesisId":"H6","location":"Auth.php:input","message":"Raw input received","data":{"action":"signup","email":"staff1@gmail.com","emailLength":16,"emailBytes":"73746166663140676d61696c2e636f6d"},"timestamp":1778128493894}
{"sessionId":"717d92","runId":"run_1778128240181","hypothesisId":"H6","location":"Auth.php:route","message":"Incoming auth action","data":{"action":"signup","sessionId":"56l3jff02bokgvk0qm9fe3h55u","method":"POST"},"timestamp":1778128493927}
{"sessionId":"717d92","runId":"run_1778128240181","hypothesisId":"H7","location":"Auth.php:handleSignup:start","message":"Signup request received","data":{"hasName":true,"email":"staff1@gmail.com","passwordLength":10,"sessionId":"56l3jff02bokgvk0qm9fe3h55u"},"timestamp":1778128493928}
{"sessionId":"717d92","runId":"run_1778128240181","hypothesisId":"H7","location":"Auth.php:handleSignup:userCreated","message":"User created for signup pending verification","data":{"userId":46,"email":"staff1@gmail.com"},"timestamp":1778128494438}
{"sessionId":"717d92","runId":"run_1778128240181","hypothesisId":"H11","location":"Auth.php:sendOtpEmail:pre","message":"Preparing PHPMailer SMTP send","data":{"toDomain":"gmail.com","smtpHost":"localhost","smtpPort":25,"smtpSecure":"none","hasSmtpUser":false,"hasSmtpPass":false,"fromEmail":"noreply@lukesseafood.com"},"timestamp":1778128494473}
{"sessionId":"717d92","runId":"run_1778128240181","hypothesisId":"H11","location":"Auth.php:sendOtpEmail:missing","message":"PHPMailer class not available","data":[],"timestamp":1778128494474}
{"sessionId":"717d92","runId":"run_1778128240181","hypothesisId":"H7","location":"Auth.php:handleSignup:otp","message":"OTP send attempt completed","data":{"userId":46,"otpSent":false},"timestamp":1778128494475}
{"sessionId":"717d92","runId":"run_1778128757940","hypothesisId":"H6","location":"Auth.php:input","message":"Raw input received","data":{"action":"check_session","email":"","emailLength":0,"emailBytes":""},"timestamp":1778128758001}
{"sessionId":"717d92","runId":"run_1778128757940","hypothesisId":"H6","location":"Auth.php:route","message":"Incoming auth action","data":{"action":"check_session","sessionId":"56l3jff02bokgvk0qm9fe3h55u","method":"POST"},"timestamp":1778128758008}
{"sessionId":"717d92","runId":"run_1778128757940","hypothesisId":"H6","location":"Auth.php:handleCheckSession:start","message":"Checking current session","data":{"hasUserSession":false,"hasRememberToken":false},"timestamp":1778128758009}
{"sessionId":"717d92","runId":"run_1778128757940","hypothesisId":"H6","location":"Auth.php:handleCheckSession:none","message":"No active session","data":[],"timestamp":1778128758009}
{"sessionId":"717d92","runId":"run_1778128757940","hypothesisId":"H6","location":"Auth.php:input","message":"Raw input received","data":{"action":"login","email":"staff1@gmail.com","emailLength":16,"emailBytes":"73746166663140676d61696c2e636f6d"},"timestamp":1778128768119}
{"sessionId":"717d92","runId":"run_1778128757940","hypothesisId":"H6","location":"Auth.php:route","message":"Incoming auth action","data":{"action":"login","sessionId":"56l3jff02bokgvk0qm9fe3h55u","method":"POST"},"timestamp":1778128768120}
{"sessionId":"717d92","runId":"run_1778128757940","hypothesisId":"H1","location":"Auth.php:handleLogin:start","message":"Login request received","data":{"email":"staff1@gmail.com","hasPassword":true,"sessionId":"56l3jff02bokgvk0qm9fe3h55u"},"timestamp":1778128768121}
{"sessionId":"717d92","runId":"run_1778128757940","hypothesisId":"H1","location":"Auth.php:handleLogin:userFetch","message":"User fetched from DB","data":{"email":"staff1@gmail.com","userFound":true,"userProvider":"email"},"timestamp":1778128768279}
{"sessionId":"717d92","runId":"run_1778128757940","hypothesisId":"H1","location":"Auth.php:handleLogin:notAdmin","message":"Admin check FAILED - email does NOT match admin@gmail.com","data":{"email":"staff1@gmail.com","emailLength":16,"expected":"admin@gmail.com"},"timestamp":1778128768280}
{"sessionId":"717d92","runId":"run_1778128757940","hypothesisId":"H11","location":"Auth.php:sendOtpEmail:pre","message":"Preparing PHPMailer SMTP send","data":{"toDomain":"gmail.com","smtpHost":"localhost","smtpPort":25,"smtpSecure":"none","hasSmtpUser":false,"hasSmtpPass":false,"fromEmail":"noreply@lukesseafood.com"},"timestamp":1778128768689}
{"sessionId":"717d92","runId":"run_1778128757940","hypothesisId":"H11","location":"Auth.php:sendOtpEmail:missing","message":"PHPMailer class not available","data":[],"timestamp":1778128768691}
{"sessionId":"717d92","runId":"run_1778128757940","hypothesisId":"H2","location":"Auth.php:handleLogin:otp","message":"OTP generation result during login","data":{"userId":47,"otpSent":false,"pendingUserId":47,"pendingContext":"login"},"timestamp":1778128768691}
{"sessionId":"717d92","runId":"run_1778128757940","hypothesisId":"H6","location":"Auth.php:input","message":"Raw input received","data":{"action":"login","email":"staff1@gmail.com","emailLength":16,"emailBytes":"73746166663140676d61696c2e636f6d"},"timestamp":1778128774082}
{"sessionId":"717d92","runId":"run_1778128757940","hypothesisId":"H6","location":"Auth.php:route","message":"Incoming auth action","data":{"action":"login","sessionId":"56l3jff02bokgvk0qm9fe3h55u","method":"POST"},"timestamp":1778128774082}
{"sessionId":"717d92","runId":"run_1778128757940","hypothesisId":"H1","location":"Auth.php:handleLogin:start","message":"Login request received","data":{"email":"staff1@gmail.com","hasPassword":true,"sessionId":"56l3jff02bokgvk0qm9fe3h55u"},"timestamp":1778128774083}
{"sessionId":"717d92","runId":"run_1778128757940","hypothesisId":"H1","location":"Auth.php:handleLogin:userFetch","message":"User fetched from DB","data":{"email":"staff1@gmail.com","userFound":true,"userProvider":"email"},"timestamp":1778128774142}
{"sessionId":"717d92","runId":"run_1778128757940","hypothesisId":"H1","location":"Auth.php:handleLogin:notAdmin","message":"Admin check FAILED - email does NOT match admin@gmail.com","data":{"email":"staff1@gmail.com","emailLength":16,"expected":"admin@gmail.com"},"timestamp":1778128774143}
{"sessionId":"717d92","runId":"run_1778128757940","hypothesisId":"H11","location":"Auth.php:sendOtpEmail:pre","message":"Preparing PHPMailer SMTP send","data":{"toDomain":"gmail.com","smtpHost":"localhost","smtpPort":25,"smtpSecure":"none","hasSmtpUser":false,"hasSmtpPass":false,"fromEmail":"noreply@lukesseafood.com"},"timestamp":1778128774545}
{"sessionId":"717d92","runId":"run_1778128757940","hypothesisId":"H11","location":"Auth.php:sendOtpEmail:missing","message":"PHPMailer class not available","data":[],"timestamp":1778128774546}
{"sessionId":"717d92","runId":"run_1778128757940","hypothesisId":"H2","location":"Auth.php:handleLogin:otp","message":"OTP generation result during login","data":{"userId":47,"otpSent":false,"pendingUserId":47,"pendingContext":"login"},"timestamp":1778128774547}
{"sessionId":"717d92","runId":"run_1778128757940","hypothesisId":"H6","location":"Auth.php:input","message":"Raw input received","data":{"action":"login","email":"staff1@gmail.com","emailLength":16,"emailBytes":"73746166663140676d61696c2e636f6d"},"timestamp":1778128774980}
{"sessionId":"717d92","runId":"run_1778128757940","hypothesisId":"H6","location":"Auth.php:route","message":"Incoming auth action","data":{"action":"login","sessionId":"56l3jff02bokgvk0qm9fe3h55u","method":"POST"},"timestamp":1778128774981}
{"sessionId":"717d92","runId":"run_1778128757940","hypothesisId":"H1","location":"Auth.php:handleLogin:start","message":"Login request received","data":{"email":"staff1@gmail.com","hasPassword":true,"sessionId":"56l3jff02bokgvk0qm9fe3h55u"},"timestamp":1778128774981}
{"sessionId":"717d92","runId":"run_1778128757940","hypothesisId":"H1","location":"Auth.php:handleLogin:userFetch","message":"User fetched from DB","data":{"email":"staff1@gmail.com","userFound":true,"userProvider":"email"},"timestamp":1778128775018}
{"sessionId":"717d92","runId":"run_1778128757940","hypothesisId":"H1","location":"Auth.php:handleLogin:notAdmin","message":"Admin check FAILED - email does NOT match admin@gmail.com","data":{"email":"staff1@gmail.com","emailLength":16,"expected":"admin@gmail.com"},"timestamp":1778128775019}
{"sessionId":"717d92","runId":"run_1778128757940","hypothesisId":"H11","location":"Auth.php:sendOtpEmail:pre","message":"Preparing PHPMailer SMTP send","data":{"toDomain":"gmail.com","smtpHost":"localhost","smtpPort":25,"smtpSecure":"none","hasSmtpUser":false,"hasSmtpPass":false,"fromEmail":"noreply@lukesseafood.com"},"timestamp":1778128775439}
{"sessionId":"717d92","runId":"run_1778128757940","hypothesisId":"H11","location":"Auth.php:sendOtpEmail:missing","message":"PHPMailer class not available","data":[],"timestamp":1778128775440}
{"sessionId":"717d92","runId":"run_1778128757940","hypothesisId":"H2","location":"Auth.php:handleLogin:otp","message":"OTP generation result during login","data":{"userId":47,"otpSent":false,"pendingUserId":47,"pendingContext":"login"},"timestamp":1778128775441}
{"sessionId":"717d92","runId":"run_1778128757940","hypothesisId":"H6","location":"Auth.php:input","message":"Raw input received","data":{"action":"login","email":"staff1@gmail.com","emailLength":16,"emailBytes":"73746166663140676d61696c2e636f6d"},"timestamp":1778128775684}
{"sessionId":"717d92","runId":"run_1778128757940","hypothesisId":"H6","location":"Auth.php:route","message":"Incoming auth action","data":{"action":"login","sessionId":"56l3jff02bokgvk0qm9fe3h55u","method":"POST"},"timestamp":1778128775684}
{"sessionId":"717d92","runId":"run_1778128757940","hypothesisId":"H1","location":"Auth.php:handleLogin:start","message":"Login request received","data":{"email":"staff1@gmail.com","hasPassword":true,"sessionId":"56l3jff02bokgvk0qm9fe3h55u"},"timestamp":1778128775685}
{"sessionId":"717d92","runId":"run_1778128757940","hypothesisId":"H1","location":"Auth.php:handleLogin:userFetch","message":"User fetched from DB","data":{"email":"staff1@gmail.com","userFound":true,"userProvider":"email"},"timestamp":1778128775708}
{"sessionId":"717d92","runId":"run_1778128757940","hypothesisId":"H1","location":"Auth.php:handleLogin:notAdmin","message":"Admin check FAILED - email does NOT match admin@gmail.com","data":{"email":"staff1@gmail.com","emailLength":16,"expected":"admin@gmail.com"},"timestamp":1778128775709}
{"sessionId":"717d92","runId":"run_1778128757940","hypothesisId":"H11","location":"Auth.php:sendOtpEmail:pre","message":"Preparing PHPMailer SMTP send","data":{"toDomain":"gmail.com","smtpHost":"localhost","smtpPort":25,"smtpSecure":"none","hasSmtpUser":false,"hasSmtpPass":false,"fromEmail":"noreply@lukesseafood.com"},"timestamp":1778128776115}
{"sessionId":"717d92","runId":"run_1778128757940","hypothesisId":"H11","location":"Auth.php:sendOtpEmail:missing","message":"PHPMailer class not available","data":[],"timestamp":1778128776116}
{"sessionId":"717d92","runId":"run_1778128757940","hypothesisId":"H2","location":"Auth.php:handleLogin:otp","message":"OTP generation result during login","data":{"userId":47,"otpSent":false,"pendingUserId":47,"pendingContext":"login"},"timestamp":1778128776116}
{"sessionId":"717d92","runId":"run_1778128757940","hypothesisId":"H6","location":"Auth.php:input","message":"Raw input received","data":{"action":"login","email":"staff1@gmail.com","emailLength":16,"emailBytes":"73746166663140676d61696c2e636f6d"},"timestamp":1778128870763}
{"sessionId":"717d92","runId":"run_1778128757940","hypothesisId":"H6","location":"Auth.php:route","message":"Incoming auth action","data":{"action":"login","sessionId":"56l3jff02bokgvk0qm9fe3h55u","method":"POST"},"timestamp":1778128870765}
{"sessionId":"717d92","runId":"run_1778128757940","hypothesisId":"H1","location":"Auth.php:handleLogin:start","message":"Login request received","data":{"email":"staff1@gmail.com","hasPassword":true,"sessionId":"56l3jff02bokgvk0qm9fe3h55u"},"timestamp":1778128870767}
{"sessionId":"717d92","runId":"run_1778128757940","hypothesisId":"H1","location":"Auth.php:handleLogin:userFetch","message":"User fetched from DB","data":{"email":"staff1@gmail.com","userFound":true,"userProvider":"email"},"timestamp":1778128870805}
{"sessionId":"717d92","runId":"run_1778128757940","hypothesisId":"H1","location":"Auth.php:handleLogin:notAdmin","message":"Admin check FAILED - email does NOT match admin@gmail.com","data":{"email":"staff1@gmail.com","emailLength":16,"expected":"admin@gmail.com"},"timestamp":1778128870806}
{"sessionId":"717d92","runId":"run_1778128757940","hypothesisId":"H11","location":"Auth.php:sendOtpEmail:pre","message":"Preparing PHPMailer SMTP send","data":{"toDomain":"gmail.com","smtpHost":"localhost","smtpPort":25,"smtpSecure":"none","hasSmtpUser":false,"hasSmtpPass":false,"fromEmail":"noreply@lukesseafood.com"},"timestamp":1778128871216}
{"sessionId":"717d92","runId":"run_1778128757940","hypothesisId":"H11","location":"Auth.php:sendOtpEmail:missing","message":"PHPMailer class not available","data":[],"timestamp":1778128871217}
{"sessionId":"717d92","runId":"run_1778128757940","hypothesisId":"H2","location":"Auth.php:handleLogin:otp","message":"OTP generation result during login","data":{"userId":47,"otpSent":false,"pendingUserId":47,"pendingContext":"login"},"timestamp":1778128871217}
{"sessionId":"717d92","runId":"run_1778128872403","hypothesisId":"H6","location":"Auth.php:input","message":"Raw input received","data":{"action":"check_session","email":"","emailLength":0,"emailBytes":""},"timestamp":1778128872422}
{"sessionId":"717d92","runId":"run_1778128872403","hypothesisId":"H6","location":"Auth.php:route","message":"Incoming auth action","data":{"action":"check_session","sessionId":"56l3jff02bokgvk0qm9fe3h55u","method":"POST"},"timestamp":1778128872423}
{"sessionId":"717d92","runId":"run_1778128872403","hypothesisId":"H6","location":"Auth.php:handleCheckSession:start","message":"Checking current session","data":{"hasUserSession":false,"hasRememberToken":false},"timestamp":1778128872424}
{"sessionId":"717d92","runId":"run_1778128872403","hypothesisId":"H6","location":"Auth.php:handleCheckSession:none","message":"No active session","data":[],"timestamp":1778128872424}
{"sessionId":"717d92","runId":"run_1778128872403","hypothesisId":"H6","location":"Auth.php:input","message":"Raw input received","data":{"action":"login","email":"staff1@gmail.com","emailLength":16,"emailBytes":"73746166663140676d61696c2e636f6d"},"timestamp":1778128879779}
{"sessionId":"717d92","runId":"run_1778128872403","hypothesisId":"H6","location":"Auth.php:route","message":"Incoming auth action","data":{"action":"login","sessionId":"56l3jff02bokgvk0qm9fe3h55u","method":"POST"},"timestamp":1778128879779}
{"sessionId":"717d92","runId":"run_1778128872403","hypothesisId":"H1","location":"Auth.php:handleLogin:start","message":"Login request received","data":{"email":"staff1@gmail.com","hasPassword":true,"sessionId":"56l3jff02bokgvk0qm9fe3h55u"},"timestamp":1778128879780}
{"sessionId":"717d92","runId":"run_1778128872403","hypothesisId":"H1","location":"Auth.php:handleLogin:userFetch","message":"User fetched from DB","data":{"email":"staff1@gmail.com","userFound":true,"userProvider":"email"},"timestamp":1778128879791}
{"sessionId":"717d92","runId":"run_1778128872403","hypothesisId":"H1","location":"Auth.php:handleLogin:notAdmin","message":"Admin check FAILED - email does NOT match admin@gmail.com","data":{"email":"staff1@gmail.com","emailLength":16,"expected":"admin@gmail.com"},"timestamp":1778128879792}
{"sessionId":"717d92","runId":"run_1778128872403","hypothesisId":"H11","location":"Auth.php:sendOtpEmail:pre","message":"Preparing PHPMailer SMTP send","data":{"toDomain":"gmail.com","smtpHost":"localhost","smtpPort":25,"smtpSecure":"none","hasSmtpUser":false,"hasSmtpPass":false,"fromEmail":"noreply@lukesseafood.com"},"timestamp":1778128880193}
{"sessionId":"717d92","runId":"run_1778128872403","hypothesisId":"H11","location":"Auth.php:sendOtpEmail:missing","message":"PHPMailer class not available","data":[],"timestamp":1778128880194}
{"sessionId":"717d92","runId":"run_1778128872403","hypothesisId":"H2","location":"Auth.php:handleLogin:otp","message":"OTP generation result during login","data":{"userId":47,"otpSent":false,"pendingUserId":47,"pendingContext":"login"},"timestamp":1778128880195}
{"sessionId":"717d92","runId":"run_1778128452966","hypothesisId":"H6","location":"Auth.php:input","message":"Raw input received","data":{"action":"facebook_auth","email":"","emailLength":0,"emailBytes":""},"timestamp":1778128893229}
{"sessionId":"717d92","runId":"run_1778128452966","hypothesisId":"H6","location":"Auth.php:route","message":"Incoming auth action","data":{"action":"facebook_auth","sessionId":"56l3jff02bokgvk0qm9fe3h55u","method":"POST"},"timestamp":1778128893233}
{"sessionId":"717d92","runId":"run_1778128452966","hypothesisId":"H12","location":"Auth.php:handleFacebookAuth:config","message":"Facebook auth config loaded","data":{"hasAppId":true,"hasAppSecret":true},"timestamp":1778128893233}
{"sessionId":"717d92","runId":"unknown","hypothesisId":"H6","location":"Auth.php:input","message":"Raw input received","data":{"action":"check_session","email":"","emailLength":0,"emailBytes":""},"timestamp":1778128898118}
{"sessionId":"717d92","runId":"unknown","hypothesisId":"H6","location":"Auth.php:route","message":"Incoming auth action","data":{"action":"check_session","sessionId":"73q6l68f7vk6o6kg98qnlnad2n","method":"POST"},"timestamp":1778128898119}
{"sessionId":"717d92","runId":"unknown","hypothesisId":"H6","location":"Auth.php:handleCheckSession:start","message":"Checking current session","data":{"hasUserSession":true,"hasRememberToken":false},"timestamp":1778128898120}
{"sessionId":"717d92","runId":"unknown","hypothesisId":"H6","location":"Auth.php:handleCheckSession:active","message":"Active session found","data":{"userId":1},"timestamp":1778128898120}
{"sessionId":"717d92","runId":"run_1778130089312","hypothesisId":"H6","location":"Auth.php:input","message":"Raw input received","data":{"action":"check_session","email":"","emailLength":0,"emailBytes":""},"timestamp":1778130089460}
{"sessionId":"717d92","runId":"run_1778130089312","hypothesisId":"H6","location":"Auth.php:route","message":"Incoming auth action","data":{"action":"check_session","sessionId":"73q6l68f7vk6o6kg98qnlnad2n","method":"POST"},"timestamp":1778130089466}
{"sessionId":"717d92","runId":"run_1778130089312","hypothesisId":"H6","location":"Auth.php:handleCheckSession:start","message":"Checking current session","data":{"hasUserSession":true,"hasRememberToken":false},"timestamp":1778130089466}
{"sessionId":"717d92","runId":"run_1778130089312","hypothesisId":"H6","location":"Auth.php:handleCheckSession:active","message":"Active session found","data":{"userId":1},"timestamp":1778130089467}
{"sessionId":"717d92","runId":"unknown","hypothesisId":"H6","location":"Auth.php:input","message":"Raw input received","data":{"action":"check_session","email":"","emailLength":0,"emailBytes":""},"timestamp":1778130090837}
{"sessionId":"717d92","runId":"unknown","hypothesisId":"H6","location":"Auth.php:route","message":"Incoming auth action","data":{"action":"check_session","sessionId":"73q6l68f7vk6o6kg98qnlnad2n","method":"POST"},"timestamp":1778130090838}
{"sessionId":"717d92","runId":"unknown","hypothesisId":"H6","location":"Auth.php:handleCheckSession:start","message":"Checking current session","data":{"hasUserSession":true,"hasRememberToken":false},"timestamp":1778130090838}
{"sessionId":"717d92","runId":"unknown","hypothesisId":"H6","location":"Auth.php:handleCheckSession:active","message":"Active session found","data":{"userId":1},"timestamp":1778130090838}
{"sessionId":"717d92","runId":"run_1778130092020","hypothesisId":"H6","location":"Auth.php:input","message":"Raw input received","data":{"action":"check_session","email":"","emailLength":0,"emailBytes":""},"timestamp":1778130092124}
{"sessionId":"717d92","runId":"run_1778130092020","hypothesisId":"H6","location":"Auth.php:route","message":"Incoming auth action","data":{"action":"check_session","sessionId":"73q6l68f7vk6o6kg98qnlnad2n","method":"POST"},"timestamp":1778130092126}
{"sessionId":"717d92","runId":"run_1778130092020","hypothesisId":"H6","location":"Auth.php:handleCheckSession:start","message":"Checking current session","data":{"hasUserSession":true,"hasRememberToken":false},"timestamp":1778130092126}
{"sessionId":"717d92","runId":"run_1778130092020","hypothesisId":"H6","location":"Auth.php:handleCheckSession:active","message":"Active session found","data":{"userId":1},"timestamp":1778130092127}
{"sessionId":"717d92","runId":"unknown","hypothesisId":"H6","location":"Auth.php:input","message":"Raw input received","data":{"action":"check_session","email":"","emailLength":0,"emailBytes":""},"timestamp":1778130094744}
{"sessionId":"717d92","runId":"unknown","hypothesisId":"H6","location":"Auth.php:route","message":"Incoming auth action","data":{"action":"check_session","sessionId":"73q6l68f7vk6o6kg98qnlnad2n","method":"POST"},"timestamp":1778130094745}
{"sessionId":"717d92","runId":"unknown","hypothesisId":"H6","location":"Auth.php:handleCheckSession:start","message":"Checking current session","data":{"hasUserSession":true,"hasRememberToken":false},"timestamp":1778130094746}
{"sessionId":"717d92","runId":"unknown","hypothesisId":"H6","location":"Auth.php:handleCheckSession:active","message":"Active session found","data":{"userId":1},"timestamp":1778130094746}
{"sessionId":"717d92","runId":"unknown","hypothesisId":"H6","location":"Auth.php:input","message":"Raw input received","data":{"action":"logout","email":"","emailLength":0,"emailBytes":""},"timestamp":1778130098269}
{"sessionId":"717d92","runId":"unknown","hypothesisId":"H6","location":"Auth.php:route","message":"Incoming auth action","data":{"action":"logout","sessionId":"73q6l68f7vk6o6kg98qnlnad2n","method":"POST"},"timestamp":1778130098270}
{"sessionId":"717d92","runId":"run_1778130098310","hypothesisId":"H6","location":"Auth.php:input","message":"Raw input received","data":{"action":"check_session","email":"","emailLength":0,"emailBytes":""},"timestamp":1778130098351}
{"sessionId":"717d92","runId":"run_1778130098310","hypothesisId":"H6","location":"Auth.php:route","message":"Incoming auth action","data":{"action":"check_session","sessionId":"73q6l68f7vk6o6kg98qnlnad2n","method":"POST"},"timestamp":1778130098352}
{"sessionId":"717d92","runId":"run_1778130098310","hypothesisId":"H6","location":"Auth.php:handleCheckSession:start","message":"Checking current session","data":{"hasUserSession":false,"hasRememberToken":false},"timestamp":1778130098353}
{"sessionId":"717d92","runId":"run_1778130098310","hypothesisId":"H6","location":"Auth.php:handleCheckSession:none","message":"No active session","data":[],"timestamp":1778130098354}
{"sessionId":"717d92","runId":"run_1778130098310","hypothesisId":"H6","location":"Auth.php:input","message":"Raw input received","data":{"action":"login","email":"staff1@gmail.com","emailLength":16,"emailBytes":"73746166663140676d61696c2e636f6d"},"timestamp":1778130104768}
{"sessionId":"717d92","runId":"run_1778130098310","hypothesisId":"H6","location":"Auth.php:route","message":"Incoming auth action","data":{"action":"login","sessionId":"73q6l68f7vk6o6kg98qnlnad2n","method":"POST"},"timestamp":1778130104768}
{"sessionId":"717d92","runId":"run_1778130098310","hypothesisId":"H1","location":"Auth.php:handleLogin:start","message":"Login request received","data":{"email":"staff1@gmail.com","hasPassword":true,"sessionId":"73q6l68f7vk6o6kg98qnlnad2n"},"timestamp":1778130104769}
{"sessionId":"717d92","runId":"run_1778130098310","hypothesisId":"H1","location":"Auth.php:handleLogin:userFetch","message":"User fetched from DB","data":{"email":"staff1@gmail.com","userFound":true,"userProvider":"email"},"timestamp":1778130104819}
{"sessionId":"717d92","runId":"run_1778130098310","hypothesisId":"H1","location":"Auth.php:handleLogin:notAdmin","message":"Admin check FAILED - email does NOT match admin@gmail.com","data":{"email":"staff1@gmail.com","emailLength":16,"expected":"admin@gmail.com"},"timestamp":1778130104819}
{"sessionId":"717d92","runId":"run_1778130098310","hypothesisId":"H11","location":"Auth.php:sendOtpEmail:pre","message":"Preparing PHPMailer SMTP send","data":{"toDomain":"gmail.com","smtpHost":"localhost","smtpPort":25,"smtpSecure":"none","hasSmtpUser":false,"hasSmtpPass":false,"fromEmail":"noreply@lukesseafood.com"},"timestamp":1778130105289}
{"sessionId":"717d92","runId":"run_1778130098310","hypothesisId":"H11","location":"Auth.php:sendOtpEmail:error","message":"PHPMailer threw exception","data":{"errorMessage":"SMTP Error: Could not connect to SMTP host. Failed to connect to server"},"timestamp":1778130109447}
{"sessionId":"717d92","runId":"run_1778130098310","hypothesisId":"H2","location":"Auth.php:handleLogin:otp","message":"OTP generation result during login","data":{"userId":47,"otpSent":false,"pendingUserId":47,"pendingContext":"login"},"timestamp":1778130109448}
{"sessionId":"717d92","runId":"run_1778130203459","hypothesisId":"H6","location":"Auth.php:input","message":"Raw input received","data":{"action":"check_session","email":"","emailLength":0,"emailBytes":""},"timestamp":1778130203524}
{"sessionId":"717d92","runId":"run_1778130203459","hypothesisId":"H6","location":"Auth.php:route","message":"Incoming auth action","data":{"action":"check_session","sessionId":"73q6l68f7vk6o6kg98qnlnad2n","method":"POST"},"timestamp":1778130203526}
{"sessionId":"717d92","runId":"run_1778130203459","hypothesisId":"H6","location":"Auth.php:handleCheckSession:start","message":"Checking current session","data":{"hasUserSession":false,"hasRememberToken":false},"timestamp":1778130203527}
{"sessionId":"717d92","runId":"run_1778130203459","hypothesisId":"H6","location":"Auth.php:handleCheckSession:none","message":"No active session","data":[],"timestamp":1778130203527}
{"sessionId":"717d92","runId":"run_1778130203459","hypothesisId":"H6","location":"Auth.php:input","message":"Raw input received","data":{"action":"login","email":"beejab919@gmail.com","emailLength":19,"emailBytes":"6265656a616239313940676d61696c2e636f6d"},"timestamp":1778130216676}
{"sessionId":"717d92","runId":"run_1778130203459","hypothesisId":"H6","location":"Auth.php:route","message":"Incoming auth action","data":{"action":"login","sessionId":"73q6l68f7vk6o6kg98qnlnad2n","method":"POST"},"timestamp":1778130216677}
{"sessionId":"717d92","runId":"run_1778130203459","hypothesisId":"H1","location":"Auth.php:handleLogin:start","message":"Login request received","data":{"email":"beejab919@gmail.com","hasPassword":true,"sessionId":"73q6l68f7vk6o6kg98qnlnad2n"},"timestamp":1778130216680}
{"sessionId":"717d92","runId":"run_1778130203459","hypothesisId":"H1","location":"Auth.php:handleLogin:userFetch","message":"User fetched from DB","data":{"email":"beejab919@gmail.com","userFound":true,"userProvider":"email"},"timestamp":1778130216709}
{"sessionId":"717d92","runId":"run_1778130203459","hypothesisId":"H1","location":"Auth.php:handleLogin:notAdmin","message":"Admin check FAILED - email does NOT match admin@gmail.com","data":{"email":"beejab919@gmail.com","emailLength":19,"expected":"admin@gmail.com"},"timestamp":1778130216710}
{"sessionId":"717d92","runId":"run_1778130203459","hypothesisId":"H11","location":"Auth.php:sendOtpEmail:pre","message":"Preparing PHPMailer SMTP send","data":{"toDomain":"gmail.com","smtpHost":"localhost","smtpPort":25,"smtpSecure":"none","hasSmtpUser":false,"hasSmtpPass":false,"fromEmail":"noreply@lukesseafood.com"},"timestamp":1778130217131}
{"sessionId":"717d92","runId":"run_1778130203459","hypothesisId":"H11","location":"Auth.php:sendOtpEmail:error","message":"PHPMailer threw exception","data":{"errorMessage":"SMTP Error: Could not connect to SMTP host. Failed to connect to server"},"timestamp":1778130221269}
{"sessionId":"717d92","runId":"run_1778130203459","hypothesisId":"H2","location":"Auth.php:handleLogin:otp","message":"OTP generation result during login","data":{"userId":47,"otpSent":false,"pendingUserId":47,"pendingContext":"login"},"timestamp":1778130221270}
{"sessionId":"717d92","runId":"run_1778130958718","hypothesisId":"H6","location":"Auth.php:input","message":"Raw input received","data":{"action":"check_session","email":"","emailLength":0,"emailBytes":""},"timestamp":1778130958807}
{"sessionId":"717d92","runId":"run_1778130958718","hypothesisId":"H6","location":"Auth.php:route","message":"Incoming auth action","data":{"action":"check_session","sessionId":"73q6l68f7vk6o6kg98qnlnad2n","method":"POST"},"timestamp":1778130958811}
{"sessionId":"717d92","runId":"run_1778130958718","hypothesisId":"H6","location":"Auth.php:handleCheckSession:start","message":"Checking current session","data":{"hasUserSession":false,"hasRememberToken":false},"timestamp":1778130958813}
{"sessionId":"717d92","runId":"run_1778130958718","hypothesisId":"H6","location":"Auth.php:handleCheckSession:none","message":"No active session","data":[],"timestamp":1778130958813}
{"sessionId":"717d92","runId":"run_1778130958718","hypothesisId":"H6","location":"Auth.php:input","message":"Raw input received","data":{"action":"login","email":"beejab919@gmail.com","emailLength":19,"emailBytes":"6265656a616239313940676d61696c2e636f6d"},"timestamp":1778130967068}
{"sessionId":"717d92","runId":"run_1778130958718","hypothesisId":"H6","location":"Auth.php:route","message":"Incoming auth action","data":{"action":"login","sessionId":"73q6l68f7vk6o6kg98qnlnad2n","method":"POST"},"timestamp":1778130967068}
{"sessionId":"717d92","runId":"run_1778130958718","hypothesisId":"H1","location":"Auth.php:handleLogin:start","message":"Login request received","data":{"email":"beejab919@gmail.com","hasPassword":true,"sessionId":"73q6l68f7vk6o6kg98qnlnad2n"},"timestamp":1778130967069}
{"sessionId":"717d92","runId":"run_1778130958718","hypothesisId":"H1","location":"Auth.php:handleLogin:userFetch","message":"User fetched from DB","data":{"email":"beejab919@gmail.com","userFound":true,"userProvider":"email"},"timestamp":1778130967207}
{"sessionId":"717d92","runId":"run_1778130958718","hypothesisId":"H1","location":"Auth.php:handleLogin:notAdmin","message":"Admin check FAILED - email does NOT match admin@gmail.com","data":{"email":"beejab919@gmail.com","emailLength":19,"expected":"admin@gmail.com"},"timestamp":1778130967209}
{"sessionId":"717d92","runId":"run_1778130958718","hypothesisId":"H11","location":"Auth.php:sendOtpEmail:pre","message":"Preparing PHPMailer SMTP send","data":{"toDomain":"gmail.com","smtpHost":"localhost","smtpPort":25,"smtpSecure":"none","hasSmtpUser":false,"hasSmtpPass":false,"fromEmail":"noreply@lukesseafood.com"},"timestamp":1778130967636}
{"sessionId":"717d92","runId":"run_1778130958718","hypothesisId":"H11","location":"Auth.php:sendOtpEmail:error","message":"PHPMailer threw exception","data":{"errorMessage":"SMTP Error: Could not connect to SMTP host. Failed to connect to server"},"timestamp":1778130971759}
{"sessionId":"717d92","runId":"run_1778130958718","hypothesisId":"H2","location":"Auth.php:handleLogin:otp","message":"OTP generation result during login","data":{"userId":47,"otpSent":false,"pendingUserId":47,"pendingContext":"login"},"timestamp":1778130971759}
{"sessionId":"717d92","runId":"run_1778131237564","hypothesisId":"H6","location":"Auth.php:input","message":"Raw input received","data":{"action":"check_session","email":"","emailLength":0,"emailBytes":""},"timestamp":1778131237714}
{"sessionId":"717d92","runId":"run_1778131237564","hypothesisId":"H6","location":"Auth.php:route","message":"Incoming auth action","data":{"action":"check_session","sessionId":"73q6l68f7vk6o6kg98qnlnad2n","method":"POST"},"timestamp":1778131237720}
{"sessionId":"717d92","runId":"run_1778131237564","hypothesisId":"H6","location":"Auth.php:handleCheckSession:start","message":"Checking current session","data":{"hasUserSession":false,"hasRememberToken":false},"timestamp":1778131237721}
{"sessionId":"717d92","runId":"run_1778131237564","hypothesisId":"H6","location":"Auth.php:handleCheckSession:none","message":"No active session","data":[],"timestamp":1778131237724}
{"sessionId":"717d92","runId":"run_1778131237564","hypothesisId":"H6","location":"Auth.php:input","message":"Raw input received","data":{"action":"login","email":"beejab919@gmail.com","emailLength":19,"emailBytes":"6265656a616239313940676d61696c2e636f6d"},"timestamp":1778131245787}
{"sessionId":"717d92","runId":"run_1778131237564","hypothesisId":"H6","location":"Auth.php:route","message":"Incoming auth action","data":{"action":"login","sessionId":"73q6l68f7vk6o6kg98qnlnad2n","method":"POST"},"timestamp":1778131245788}
{"sessionId":"717d92","runId":"run_1778131237564","hypothesisId":"H1","location":"Auth.php:handleLogin:start","message":"Login request received","data":{"email":"beejab919@gmail.com","hasPassword":true,"sessionId":"73q6l68f7vk6o6kg98qnlnad2n"},"timestamp":1778131245789}
{"sessionId":"717d92","runId":"run_1778131237564","hypothesisId":"H1","location":"Auth.php:handleLogin:userFetch","message":"User fetched from DB","data":{"email":"beejab919@gmail.com","userFound":true,"userProvider":"email"},"timestamp":1778131245947}
{"sessionId":"717d92","runId":"run_1778131237564","hypothesisId":"H1","location":"Auth.php:handleLogin:notAdmin","message":"Admin check FAILED - email does NOT match admin@gmail.com","data":{"email":"beejab919@gmail.com","emailLength":19,"expected":"admin@gmail.com"},"timestamp":1778131245948}
{"sessionId":"717d92","runId":"run_1778131237564","hypothesisId":"H11","location":"Auth.php:sendOtpEmail:pre","message":"Preparing PHPMailer SMTP send","data":{"toDomain":"gmail.com","smtpHost":"smtp.gmail.com","smtpPort":587,"smtpSecure":"tls","hasSmtpUser":true,"hasSmtpPass":true,"fromEmail":"beejab919@gmail.com"},"timestamp":1778131246353}
{"sessionId":"717d92","runId":"run_1778131237564","hypothesisId":"H11","location":"Auth.php:sendOtpEmail:error","message":"PHPMailer threw exception","data":{"errorMessage":"SMTP Error: Could not authenticate."},"timestamp":1778131250089}
{"sessionId":"717d92","runId":"run_1778131237564","hypothesisId":"H2","location":"Auth.php:handleLogin:otp","message":"OTP generation result during login","data":{"userId":47,"otpSent":false,"pendingUserId":47,"pendingContext":"login"},"timestamp":1778131250090}
{"sessionId":"717d92","runId":"run_1778131356022","hypothesisId":"H6","location":"Auth.php:input","message":"Raw input received","data":{"action":"check_session","email":"","emailLength":0,"emailBytes":""},"timestamp":1778131356174}
{"sessionId":"717d92","runId":"run_1778131356022","hypothesisId":"H6","location":"Auth.php:route","message":"Incoming auth action","data":{"action":"check_session","sessionId":"73q6l68f7vk6o6kg98qnlnad2n","method":"POST"},"timestamp":1778131356179}
{"sessionId":"717d92","runId":"run_1778131356022","hypothesisId":"H6","location":"Auth.php:handleCheckSession:start","message":"Checking current session","data":{"hasUserSession":false,"hasRememberToken":false},"timestamp":1778131356179}
{"sessionId":"717d92","runId":"run_1778131356022","hypothesisId":"H6","location":"Auth.php:handleCheckSession:none","message":"No active session","data":[],"timestamp":1778131356180}
{"sessionId":"717d92","runId":"run_1778131356022","hypothesisId":"H6","location":"Auth.php:input","message":"Raw input received","data":{"action":"login","email":"beejab919@gmail.com","emailLength":19,"emailBytes":"6265656a616239313940676d61696c2e636f6d"},"timestamp":1778131365707}
{"sessionId":"717d92","runId":"run_1778131356022","hypothesisId":"H6","location":"Auth.php:route","message":"Incoming auth action","data":{"action":"login","sessionId":"73q6l68f7vk6o6kg98qnlnad2n","method":"POST"},"timestamp":1778131365708}
{"sessionId":"717d92","runId":"run_1778131356022","hypothesisId":"H1","location":"Auth.php:handleLogin:start","message":"Login request received","data":{"email":"beejab919@gmail.com","hasPassword":true,"sessionId":"73q6l68f7vk6o6kg98qnlnad2n"},"timestamp":1778131365710}
{"sessionId":"717d92","runId":"run_1778131356022","hypothesisId":"H1","location":"Auth.php:handleLogin:userFetch","message":"User fetched from DB","data":{"email":"beejab919@gmail.com","userFound":true,"userProvider":"email"},"timestamp":1778131366008}
{"sessionId":"717d92","runId":"run_1778131356022","hypothesisId":"H1","location":"Auth.php:handleLogin:notAdmin","message":"Admin check FAILED - email does NOT match admin@gmail.com","data":{"email":"beejab919@gmail.com","emailLength":19,"expected":"admin@gmail.com"},"timestamp":1778131366009}
{"sessionId":"717d92","runId":"run_1778131356022","hypothesisId":"H11","location":"Auth.php:sendOtpEmail:pre","message":"Preparing PHPMailer SMTP send","data":{"toDomain":"gmail.com","smtpHost":"smtp.gmail.com","smtpPort":587,"smtpSecure":"tls","hasSmtpUser":true,"hasSmtpPass":true,"fromEmail":"beejab919@gmail.com"},"timestamp":1778131366467}
{"sessionId":"717d92","runId":"run_1778131356022","hypothesisId":"H11","location":"Auth.php:sendOtpEmail:post","message":"PHPMailer send result","data":{"mailOk":true,"errorInfo":null},"timestamp":1778131370397}
{"sessionId":"717d92","runId":"run_1778131356022","hypothesisId":"H2","location":"Auth.php:handleLogin:otp","message":"OTP generation result during login","data":{"userId":47,"otpSent":true,"pendingUserId":47,"pendingContext":"login"},"timestamp":1778131370398}
{"sessionId":"717d92","runId":"run_1778131356022","hypothesisId":"H6","location":"Auth.php:input","message":"Raw input received","data":{"action":"verify_otp","email":"","emailLength":0,"emailBytes":""},"timestamp":1778131391242}
{"sessionId":"717d92","runId":"run_1778131356022","hypothesisId":"H6","location":"Auth.php:route","message":"Incoming auth action","data":{"action":"verify_otp","sessionId":"73q6l68f7vk6o6kg98qnlnad2n","method":"POST"},"timestamp":1778131391244}
{"sessionId":"717d92","runId":"run_1778131356022","hypothesisId":"H1","location":"Auth.php:handleVerifyOtp:start","message":"OTP verification request received","data":{"codeLength":6,"hasPendingUser":true,"sessionId":"73q6l68f7vk6o6kg98qnlnad2n"},"timestamp":1778131391245}
{"sessionId":"717d92","runId":"run_1778131356022","hypothesisId":"H2","location":"Auth.php:handleVerifyOtp:user","message":"Loaded OTP state from DB","data":{"userId":47,"hasUser":true,"otpCodePreview":"85****","otpExpiresAt":"2026-05-07 05:32:46","otpAttempts":0},"timestamp":1778131391276}
{"sessionId":"717d92","runId":"run_1778131356022","hypothesisId":"H4","location":"Auth.php:handleVerifyOtp:success","message":"OTP verification succeeded and user session started","data":{"userId":47,"context":"login","sessionUserId":47},"timestamp":1778131391345}
{"sessionId":"717d92","runId":"unknown","hypothesisId":"H6","location":"Auth.php:input","message":"Raw input received","data":{"action":"check_session","email":"","emailLength":0,"emailBytes":""},"timestamp":1778131394588}
{"sessionId":"717d92","runId":"unknown","hypothesisId":"H6","location":"Auth.php:route","message":"Incoming auth action","data":{"action":"check_session","sessionId":"7kq2mf2nvc4fbcmgam1mckblbl","method":"POST"},"timestamp":1778131394589}
{"sessionId":"717d92","runId":"unknown","hypothesisId":"H6","location":"Auth.php:handleCheckSession:start","message":"Checking current session","data":{"hasUserSession":true,"hasRememberToken":false},"timestamp":1778131394590}
{"sessionId":"717d92","runId":"unknown","hypothesisId":"H6","location":"Auth.php:handleCheckSession:active","message":"Active session found","data":{"userId":47},"timestamp":1778131394592}
{"sessionId":"717d92","runId":"unknown","hypothesisId":"H6","location":"Auth.php:input","message":"Raw input received","data":{"action":"check_session","email":"","emailLength":0,"emailBytes":""},"timestamp":1778131861147}
{"sessionId":"717d92","runId":"unknown","hypothesisId":"H6","location":"Auth.php:route","message":"Incoming auth action","data":{"action":"check_session","sessionId":"7kq2mf2nvc4fbcmgam1mckblbl","method":"POST"},"timestamp":1778131861150}
{"sessionId":"717d92","runId":"unknown","hypothesisId":"H6","location":"Auth.php:handleCheckSession:start","message":"Checking current session","data":{"hasUserSession":true,"hasRememberToken":false},"timestamp":1778131861151}
{"sessionId":"717d92","runId":"unknown","hypothesisId":"H6","location":"Auth.php:handleCheckSession:active","message":"Active session found","data":{"userId":47},"timestamp":1778131861152}
{"sessionId":"717d92","runId":"run_1778132047814","hypothesisId":"H6","location":"Auth.php:input","message":"Raw input received","data":{"action":"check_session","email":"","emailLength":0,"emailBytes":""},"timestamp":1778132047905}
{"sessionId":"717d92","runId":"run_1778132047814","hypothesisId":"H6","location":"Auth.php:route","message":"Incoming auth action","data":{"action":"check_session","sessionId":"7kq2mf2nvc4fbcmgam1mckblbl","method":"POST"},"timestamp":1778132047908}
{"sessionId":"717d92","runId":"run_1778132047814","hypothesisId":"H6","location":"Auth.php:handleCheckSession:start","message":"Checking current session","data":{"hasUserSession":true,"hasRememberToken":false},"timestamp":1778132047909}
{"sessionId":"717d92","runId":"run_1778132047814","hypothesisId":"H6","location":"Auth.php:handleCheckSession:active","message":"Active session found","data":{"userId":47},"timestamp":1778132047910}
{"sessionId":"717d92","runId":"unknown","hypothesisId":"H6","location":"Auth.php:input","message":"Raw input received","data":{"action":"check_session","email":"","emailLength":0,"emailBytes":""},"timestamp":1778132049572}
{"sessionId":"717d92","runId":"unknown","hypothesisId":"H6","location":"Auth.php:route","message":"Incoming auth action","data":{"action":"check_session","sessionId":"7kq2mf2nvc4fbcmgam1mckblbl","method":"POST"},"timestamp":1778132049572}
{"sessionId":"717d92","runId":"unknown","hypothesisId":"H6","location":"Auth.php:handleCheckSession:start","message":"Checking current session","data":{"hasUserSession":true,"hasRememberToken":false},"timestamp":1778132049573}
{"sessionId":"717d92","runId":"unknown","hypothesisId":"H6","location":"Auth.php:handleCheckSession:active","message":"Active session found","data":{"userId":47},"timestamp":1778132049573}
{"sessionId":"717d92","runId":"unknown","hypothesisId":"H6","location":"Auth.php:input","message":"Raw input received","data":{"action":"logout","email":"","emailLength":0,"emailBytes":""},"timestamp":1778132049824}
{"sessionId":"717d92","runId":"unknown","hypothesisId":"H6","location":"Auth.php:route","message":"Incoming auth action","data":{"action":"logout","sessionId":"7kq2mf2nvc4fbcmgam1mckblbl","method":"POST"},"timestamp":1778132049825}
{"sessionId":"717d92","runId":"run_1778132050052","hypothesisId":"H6","location":"Auth.php:input","message":"Raw input received","data":{"action":"check_session","email":"","emailLength":0,"emailBytes":""},"timestamp":1778132050073}
{"sessionId":"717d92","runId":"run_1778132050052","hypothesisId":"H6","location":"Auth.php:route","message":"Incoming auth action","data":{"action":"check_session","sessionId":"7kq2mf2nvc4fbcmgam1mckblbl","method":"POST"},"timestamp":1778132050074}
{"sessionId":"717d92","runId":"run_1778132050052","hypothesisId":"H6","location":"Auth.php:handleCheckSession:start","message":"Checking current session","data":{"hasUserSession":false,"hasRememberToken":false},"timestamp":1778132050074}
{"sessionId":"717d92","runId":"run_1778132050052","hypothesisId":"H6","location":"Auth.php:handleCheckSession:none","message":"No active session","data":[],"timestamp":1778132050075}
{"sessionId":"717d92","runId":"run_1778132050052","hypothesisId":"H6","location":"Auth.php:input","message":"Raw input received","data":{"action":"login","email":"beejab919@gmail.com","emailLength":19,"emailBytes":"6265656a616239313940676d61696c2e636f6d"},"timestamp":1778132055815}
{"sessionId":"717d92","runId":"run_1778132050052","hypothesisId":"H6","location":"Auth.php:route","message":"Incoming auth action","data":{"action":"login","sessionId":"7kq2mf2nvc4fbcmgam1mckblbl","method":"POST"},"timestamp":1778132055816}
{"sessionId":"717d92","runId":"run_1778132050052","hypothesisId":"H1","location":"Auth.php:handleLogin:start","message":"Login request received","data":{"email":"beejab919@gmail.com","hasPassword":true,"sessionId":"7kq2mf2nvc4fbcmgam1mckblbl"},"timestamp":1778132055817}
{"sessionId":"717d92","runId":"run_1778132050052","hypothesisId":"H1","location":"Auth.php:handleLogin:userFetch","message":"User fetched from DB","data":{"email":"beejab919@gmail.com","userFound":true,"userProvider":"email"},"timestamp":1778132055857}
{"sessionId":"717d92","runId":"run_1778132050052","hypothesisId":"H1","location":"Auth.php:handleLogin:staffAdminCheck","message":"Staff/Admin CHECK PASSED","data":{"email":"beejab919@gmail.com","role":"staff","userFound":true},"timestamp":1778132055858}
{"sessionId":"717d92","runId":"run_1778132050052","hypothesisId":"H1","location":"Auth.php:handleLogin:password","message":"Password verification result","data":{"passwordMatch":true},"timestamp":1778132056263}
{"sessionId":"717d92","runId":"run_1778132050052","hypothesisId":"H1","location":"Auth.php:handleLogin:staffAdmin","message":"Staff/Admin login \u2014 bypassing OTP","data":{"userId":47,"role":"staff"},"timestamp":1778132056264}
{"sessionId":"717d92","runId":"unknown","hypothesisId":"H6","location":"Auth.php:input","message":"Raw input received","data":{"action":"check_session","email":"","emailLength":0,"emailBytes":""},"timestamp":1778132487890}
{"sessionId":"717d92","runId":"unknown","hypothesisId":"H6","location":"Auth.php:route","message":"Incoming auth action","data":{"action":"check_session","sessionId":"u80c6k6hsaiabbi4moc9os7dn9","method":"POST"},"timestamp":1778132487894}
{"sessionId":"717d92","runId":"unknown","hypothesisId":"H6","location":"Auth.php:handleCheckSession:start","message":"Checking current session","data":{"hasUserSession":true,"hasRememberToken":false},"timestamp":1778132487895}
{"sessionId":"717d92","runId":"unknown","hypothesisId":"H6","location":"Auth.php:handleCheckSession:active","message":"Active session found","data":{"userId":47},"timestamp":1778132487895}
{"sessionId":"717d92","runId":"run_1778132661816","hypothesisId":"H6","location":"Auth.php:input","message":"Raw input received","data":{"action":"check_session","email":"","emailLength":0,"emailBytes":""},"timestamp":1778132661949}
{"sessionId":"717d92","runId":"run_1778132661816","hypothesisId":"H6","location":"Auth.php:route","message":"Incoming auth action","data":{"action":"check_session","sessionId":"u80c6k6hsaiabbi4moc9os7dn9","method":"POST"},"timestamp":1778132661953}
{"sessionId":"717d92","runId":"run_1778132661816","hypothesisId":"H6","location":"Auth.php:handleCheckSession:start","message":"Checking current session","data":{"hasUserSession":true,"hasRememberToken":false},"timestamp":1778132661954}
{"sessionId":"717d92","runId":"run_1778132661816","hypothesisId":"H6","location":"Auth.php:handleCheckSession:active","message":"Active session found","data":{"userId":47},"timestamp":1778132661955}
{"sessionId":"717d92","runId":"unknown","hypothesisId":"H6","location":"Auth.php:input","message":"Raw input received","data":{"action":"check_session","email":"","emailLength":0,"emailBytes":""},"timestamp":1778132664644}
{"sessionId":"717d92","runId":"unknown","hypothesisId":"H6","location":"Auth.php:route","message":"Incoming auth action","data":{"action":"check_session","sessionId":"u80c6k6hsaiabbi4moc9os7dn9","method":"POST"},"timestamp":1778132664645}
{"sessionId":"717d92","runId":"unknown","hypothesisId":"H6","location":"Auth.php:handleCheckSession:start","message":"Checking current session","data":{"hasUserSession":true,"hasRememberToken":false},"timestamp":1778132664646}
{"sessionId":"717d92","runId":"unknown","hypothesisId":"H6","location":"Auth.php:handleCheckSession:active","message":"Active session found","data":{"userId":47},"timestamp":1778132664646}
{"sessionId":"717d92","runId":"unknown","hypothesisId":"H6","location":"Auth.php:input","message":"Raw input received","data":{"action":"check_session","email":"","emailLength":0,"emailBytes":""},"timestamp":1778132669074}
{"sessionId":"717d92","runId":"unknown","hypothesisId":"H6","location":"Auth.php:route","message":"Incoming auth action","data":{"action":"check_session","sessionId":"u80c6k6hsaiabbi4moc9os7dn9","method":"POST"},"timestamp":1778132669075}
{"sessionId":"717d92","runId":"unknown","hypothesisId":"H6","location":"Auth.php:handleCheckSession:start","message":"Checking current session","data":{"hasUserSession":true,"hasRememberToken":false},"timestamp":1778132669076}
{"sessionId":"717d92","runId":"unknown","hypothesisId":"H6","location":"Auth.php:handleCheckSession:active","message":"Active session found","data":{"userId":47},"timestamp":1778132669076}
{"sessionId":"717d92","runId":"unknown","hypothesisId":"H6","location":"Auth.php:input","message":"Raw input received","data":{"action":"logout","email":"","emailLength":0,"emailBytes":""},"timestamp":1778132671175}
{"sessionId":"717d92","runId":"unknown","hypothesisId":"H6","location":"Auth.php:route","message":"Incoming auth action","data":{"action":"logout","sessionId":"u80c6k6hsaiabbi4moc9os7dn9","method":"POST"},"timestamp":1778132671175}
{"sessionId":"717d92","runId":"run_1778132671497","hypothesisId":"H6","location":"Auth.php:input","message":"Raw input received","data":{"action":"check_session","email":"","emailLength":0,"emailBytes":""},"timestamp":1778132671512}
{"sessionId":"717d92","runId":"run_1778132671497","hypothesisId":"H6","location":"Auth.php:route","message":"Incoming auth action","data":{"action":"check_session","sessionId":"u80c6k6hsaiabbi4moc9os7dn9","method":"POST"},"timestamp":1778132671512}
{"sessionId":"717d92","runId":"run_1778132671497","hypothesisId":"H6","location":"Auth.php:handleCheckSession:start","message":"Checking current session","data":{"hasUserSession":false,"hasRememberToken":false},"timestamp":1778132671512}
{"sessionId":"717d92","runId":"run_1778132671497","hypothesisId":"H6","location":"Auth.php:handleCheckSession:none","message":"No active session","data":[],"timestamp":1778132671513}
{"sessionId":"717d92","runId":"run_1778132671497","hypothesisId":"H6","location":"Auth.php:input","message":"Raw input received","data":{"action":"login","email":"beejab919@gmail.com","emailLength":19,"emailBytes":"6265656a616239313940676d61696c2e636f6d"},"timestamp":1778132678509}
{"sessionId":"717d92","runId":"run_1778132671497","hypothesisId":"H6","location":"Auth.php:route","message":"Incoming auth action","data":{"action":"login","sessionId":"u80c6k6hsaiabbi4moc9os7dn9","method":"POST"},"timestamp":1778132678509}
{"sessionId":"717d92","runId":"run_1778132671497","hypothesisId":"H1","location":"Auth.php:handleLogin:start","message":"Login request received","data":{"email":"beejab919@gmail.com","hasPassword":true,"sessionId":"u80c6k6hsaiabbi4moc9os7dn9"},"timestamp":1778132678511}
{"sessionId":"717d92","runId":"run_1778132671497","hypothesisId":"H1","location":"Auth.php:handleLogin:userFetch","message":"User fetched from DB","data":{"email":"beejab919@gmail.com","userFound":true,"userProvider":"email"},"timestamp":1778132678543}
{"sessionId":"717d92","runId":"run_1778132671497","hypothesisId":"H1","location":"Auth.php:handleLogin:staffAdminCheck","message":"Staff/Admin CHECK PASSED","data":{"email":"beejab919@gmail.com","role":"staff","userFound":true},"timestamp":1778132678545}
{"sessionId":"717d92","runId":"run_1778132671497","hypothesisId":"H1","location":"Auth.php:handleLogin:password","message":"Password verification result","data":{"passwordMatch":true},"timestamp":1778132678946}
{"sessionId":"717d92","runId":"run_1778132671497","hypothesisId":"H1","location":"Auth.php:handleLogin:staffAdmin","message":"Staff/Admin login \u2014 bypassing OTP","data":{"userId":47,"role":"staff"},"timestamp":1778132678948}
{"sessionId":"717d92","runId":"unknown","hypothesisId":"H6","location":"Auth.php:input","message":"Raw input received","data":{"action":"check_session","email":"","emailLength":0,"emailBytes":""},"timestamp":1778136304722}
{"sessionId":"717d92","runId":"unknown","hypothesisId":"H6","location":"Auth.php:route","message":"Incoming auth action","data":{"action":"check_session","sessionId":"bue69mm9apugrrr23ji68cagja","method":"POST"},"timestamp":1778136304751}
{"sessionId":"717d92","runId":"unknown","hypothesisId":"H6","location":"Auth.php:handleCheckSession:start","message":"Checking current session","data":{"hasUserSession":true,"hasRememberToken":false},"timestamp":1778136304757}
{"sessionId":"717d92","runId":"unknown","hypothesisId":"H6","location":"Auth.php:handleCheckSession:active","message":"Active session found","data":{"userId":47},"timestamp":1778136304757}
{"sessionId":"717d92","runId":"unknown","hypothesisId":"H6","location":"Auth.php:input","message":"Raw input received","data":{"action":"check_session","email":"","emailLength":0,"emailBytes":""},"timestamp":1778136306269}
{"sessionId":"717d92","runId":"unknown","hypothesisId":"H6","location":"Auth.php:route","message":"Incoming auth action","data":{"action":"check_session","sessionId":"bue69mm9apugrrr23ji68cagja","method":"POST"},"timestamp":1778136306280}
{"sessionId":"717d92","runId":"unknown","hypothesisId":"H6","location":"Auth.php:handleCheckSession:start","message":"Checking current session","data":{"hasUserSession":true,"hasRememberToken":false},"timestamp":1778136306286}
{"sessionId":"717d92","runId":"unknown","hypothesisId":"H6","location":"Auth.php:handleCheckSession:active","message":"Active session found","data":{"userId":47},"timestamp":1778136306287}
{"sessionId":"717d92","runId":"unknown","hypothesisId":"H6","location":"Auth.php:input","message":"Raw input received","data":{"action":"check_session","email":"","emailLength":0,"emailBytes":""},"timestamp":1778137657623}
{"sessionId":"717d92","runId":"unknown","hypothesisId":"H6","location":"Auth.php:route","message":"Incoming auth action","data":{"action":"check_session","sessionId":"bue69mm9apugrrr23ji68cagja","method":"POST"},"timestamp":1778137657632}
{"sessionId":"717d92","runId":"unknown","hypothesisId":"H6","location":"Auth.php:handleCheckSession:start","message":"Checking current session","data":{"hasUserSession":true,"hasRememberToken":false},"timestamp":1778137657634}
{"sessionId":"717d92","runId":"unknown","hypothesisId":"H6","location":"Auth.php:handleCheckSession:active","message":"Active session found","data":{"userId":47},"timestamp":1778137657635}
{"sessionId":"717d92","runId":"unknown","hypothesisId":"H6","location":"Auth.php:input","message":"Raw input received","data":{"action":"check_session","email":"","emailLength":0,"emailBytes":""},"timestamp":1778138318922}
{"sessionId":"717d92","runId":"unknown","hypothesisId":"H6","location":"Auth.php:route","message":"Incoming auth action","data":{"action":"check_session","sessionId":"bue69mm9apugrrr23ji68cagja","method":"POST"},"timestamp":1778138318926}
{"sessionId":"717d92","runId":"unknown","hypothesisId":"H6","location":"Auth.php:handleCheckSession:start","message":"Checking current session","data":{"hasUserSession":true,"hasRememberToken":false},"timestamp":1778138318927}
{"sessionId":"717d92","runId":"unknown","hypothesisId":"H6","location":"Auth.php:handleCheckSession:active","message":"Active session found","data":{"userId":47},"timestamp":1778138318928}
{"sessionId":"717d92","runId":"unknown","hypothesisId":"H6","location":"Auth.php:input","message":"Raw input received","data":{"action":"check_session","email":"","emailLength":0,"emailBytes":""},"timestamp":1778138319507}
{"sessionId":"717d92","runId":"unknown","hypothesisId":"H6","location":"Auth.php:route","message":"Incoming auth action","data":{"action":"check_session","sessionId":"bue69mm9apugrrr23ji68cagja","method":"POST"},"timestamp":1778138319508}
{"sessionId":"717d92","runId":"unknown","hypothesisId":"H6","location":"Auth.php:handleCheckSession:start","message":"Checking current session","data":{"hasUserSession":true,"hasRememberToken":false},"timestamp":1778138319508}
{"sessionId":"717d92","runId":"unknown","hypothesisId":"H6","location":"Auth.php:handleCheckSession:active","message":"Active session found","data":{"userId":47},"timestamp":1778138319509}
{"sessionId":"717d92","runId":"run_1778138377359","hypothesisId":"H6","location":"Auth.php:input","message":"Raw input received","data":{"action":"check_session","email":"","emailLength":0,"emailBytes":""},"timestamp":1778138377406}
{"sessionId":"717d92","runId":"run_1778138377359","hypothesisId":"H6","location":"Auth.php:route","message":"Incoming auth action","data":{"action":"check_session","sessionId":"strqptsteplkp6qrj7hgl194rs","method":"POST"},"timestamp":1778138377410}
{"sessionId":"717d92","runId":"run_1778138377359","hypothesisId":"H6","location":"Auth.php:handleCheckSession:start","message":"Checking current session","data":{"hasUserSession":true,"hasRememberToken":false},"timestamp":1778138377411}
{"sessionId":"717d92","runId":"run_1778138377359","hypothesisId":"H6","location":"Auth.php:handleCheckSession:active","message":"Active session found","data":{"userId":47},"timestamp":1778138377412}
{"sessionId":"717d92","runId":"unknown","hypothesisId":"H6","location":"Auth.php:input","message":"Raw input received","data":{"action":"check_session","email":"","emailLength":0,"emailBytes":""},"timestamp":1778138380216}
{"sessionId":"717d92","runId":"unknown","hypothesisId":"H6","location":"Auth.php:route","message":"Incoming auth action","data":{"action":"check_session","sessionId":"strqptsteplkp6qrj7hgl194rs","method":"POST"},"timestamp":1778138380217}
{"sessionId":"717d92","runId":"unknown","hypothesisId":"H6","location":"Auth.php:handleCheckSession:start","message":"Checking current session","data":{"hasUserSession":true,"hasRememberToken":false},"timestamp":1778138380217}
{"sessionId":"717d92","runId":"unknown","hypothesisId":"H6","location":"Auth.php:handleCheckSession:active","message":"Active session found","data":{"userId":47},"timestamp":1778138380218}
{"sessionId":"717d92","runId":"unknown","hypothesisId":"H6","location":"Auth.php:input","message":"Raw input received","data":{"action":"check_session","email":"","emailLength":0,"emailBytes":""},"timestamp":1778138793921}
{"sessionId":"717d92","runId":"unknown","hypothesisId":"H6","location":"Auth.php:route","message":"Incoming auth action","data":{"action":"check_session","sessionId":"strqptsteplkp6qrj7hgl194rs","method":"POST"},"timestamp":1778138793927}
{"sessionId":"717d92","runId":"unknown","hypothesisId":"H6","location":"Auth.php:handleCheckSession:start","message":"Checking current session","data":{"hasUserSession":true,"hasRememberToken":false},"timestamp":1778138793928}
{"sessionId":"717d92","runId":"unknown","hypothesisId":"H6","location":"Auth.php:handleCheckSession:active","message":"Active session found","data":{"userId":47},"timestamp":1778138793929}
{"sessionId":"717d92","runId":"run_1778138820697","hypothesisId":"H6","location":"Auth.php:input","message":"Raw input received","data":{"action":"check_session","email":"","emailLength":0,"emailBytes":""},"timestamp":1778138820909}
{"sessionId":"717d92","runId":"run_1778138820697","hypothesisId":"H6","location":"Auth.php:route","message":"Incoming auth action","data":{"action":"check_session","sessionId":"strqptsteplkp6qrj7hgl194rs","method":"POST"},"timestamp":1778138820930}
{"sessionId":"717d92","runId":"run_1778138820697","hypothesisId":"H6","location":"Auth.php:handleCheckSession:start","message":"Checking current session","data":{"hasUserSession":true,"hasRememberToken":false},"timestamp":1778138820934}
{"sessionId":"717d92","runId":"run_1778138820697","hypothesisId":"H6","location":"Auth.php:handleCheckSession:active","message":"Active session found","data":{"userId":47},"timestamp":1778138820935}
{"sessionId":"717d92","runId":"unknown","hypothesisId":"H6","location":"Auth.php:input","message":"Raw input received","data":{"action":"check_session","email":"","emailLength":0,"emailBytes":""},"timestamp":1778138823494}
{"sessionId":"717d92","runId":"unknown","hypothesisId":"H6","location":"Auth.php:route","message":"Incoming auth action","data":{"action":"check_session","sessionId":"strqptsteplkp6qrj7hgl194rs","method":"POST"},"timestamp":1778138823497}
{"sessionId":"717d92","runId":"unknown","hypothesisId":"H6","location":"Auth.php:handleCheckSession:start","message":"Checking current session","data":{"hasUserSession":true,"hasRememberToken":false},"timestamp":1778138823499}
{"sessionId":"717d92","runId":"unknown","hypothesisId":"H6","location":"Auth.php:handleCheckSession:active","message":"Active session found","data":{"userId":47},"timestamp":1778138823501}
{"sessionId":"717d92","runId":"unknown","hypothesisId":"H6","location":"Auth.php:input","message":"Raw input received","data":{"action":"check_session","email":"","emailLength":0,"emailBytes":""},"timestamp":1778140291309}
{"sessionId":"717d92","runId":"unknown","hypothesisId":"H6","location":"Auth.php:route","message":"Incoming auth action","data":{"action":"check_session","sessionId":"strqptsteplkp6qrj7hgl194rs","method":"POST"},"timestamp":1778140291313}
{"sessionId":"717d92","runId":"unknown","hypothesisId":"H6","location":"Auth.php:handleCheckSession:start","message":"Checking current session","data":{"hasUserSession":true,"hasRememberToken":false},"timestamp":1778140291314}
{"sessionId":"717d92","runId":"unknown","hypothesisId":"H6","location":"Auth.php:handleCheckSession:active","message":"Active session found","data":{"userId":47},"timestamp":1778140291315}
{"sessionId":"717d92","runId":"unknown","hypothesisId":"H6","location":"Auth.php:input","message":"Raw input received","data":{"action":"check_session","email":"","emailLength":0,"emailBytes":""},"timestamp":1778140291379}
{"sessionId":"717d92","runId":"unknown","hypothesisId":"H6","location":"Auth.php:route","message":"Incoming auth action","data":{"action":"check_session","sessionId":"strqptsteplkp6qrj7hgl194rs","method":"POST"},"timestamp":1778140291380}
{"sessionId":"717d92","runId":"unknown","hypothesisId":"H6","location":"Auth.php:handleCheckSession:start","message":"Checking current session","data":{"hasUserSession":true,"hasRememberToken":false},"timestamp":1778140291381}
{"sessionId":"717d92","runId":"unknown","hypothesisId":"H6","location":"Auth.php:handleCheckSession:active","message":"Active session found","data":{"userId":47},"timestamp":1778140291382}
{"sessionId":"717d92","runId":"run_1778140318472","hypothesisId":"H6","location":"Auth.php:input","message":"Raw input received","data":{"action":"check_session","email":"","emailLength":0,"emailBytes":""},"timestamp":1778140318518}
{"sessionId":"717d92","runId":"run_1778140318472","hypothesisId":"H6","location":"Auth.php:route","message":"Incoming auth action","data":{"action":"check_session","sessionId":"strqptsteplkp6qrj7hgl194rs","method":"POST"},"timestamp":1778140318519}
{"sessionId":"717d92","runId":"run_1778140318472","hypothesisId":"H6","location":"Auth.php:handleCheckSession:start","message":"Checking current session","data":{"hasUserSession":true,"hasRememberToken":false},"timestamp":1778140318520}
{"sessionId":"717d92","runId":"run_1778140318472","hypothesisId":"H6","location":"Auth.php:handleCheckSession:active","message":"Active session found","data":{"userId":47},"timestamp":1778140318521}
{"sessionId":"717d92","runId":"unknown","hypothesisId":"H6","location":"Auth.php:input","message":"Raw input received","data":{"action":"check_session","email":"","emailLength":0,"emailBytes":""},"timestamp":1778140321137}
{"sessionId":"717d92","runId":"unknown","hypothesisId":"H6","location":"Auth.php:route","message":"Incoming auth action","data":{"action":"check_session","sessionId":"strqptsteplkp6qrj7hgl194rs","method":"POST"},"timestamp":1778140321138}
{"sessionId":"717d92","runId":"unknown","hypothesisId":"H6","location":"Auth.php:handleCheckSession:start","message":"Checking current session","data":{"hasUserSession":true,"hasRememberToken":false},"timestamp":1778140321139}
{"sessionId":"717d92","runId":"unknown","hypothesisId":"H6","location":"Auth.php:handleCheckSession:active","message":"Active session found","data":{"userId":47},"timestamp":1778140321140}
{"sessionId":"717d92","runId":"run_1778140345091","hypothesisId":"H6","location":"Auth.php:input","message":"Raw input received","data":{"action":"check_session","email":"","emailLength":0,"emailBytes":""},"timestamp":1778140345131}
{"sessionId":"717d92","runId":"run_1778140345091","hypothesisId":"H6","location":"Auth.php:route","message":"Incoming auth action","data":{"action":"check_session","sessionId":"strqptsteplkp6qrj7hgl194rs","method":"POST"},"timestamp":1778140345133}
{"sessionId":"717d92","runId":"run_1778140345091","hypothesisId":"H6","location":"Auth.php:handleCheckSession:start","message":"Checking current session","data":{"hasUserSession":true,"hasRememberToken":false},"timestamp":1778140345133}
{"sessionId":"717d92","runId":"run_1778140345091","hypothesisId":"H6","location":"Auth.php:handleCheckSession:active","message":"Active session found","data":{"userId":47},"timestamp":1778140345134}
{"sessionId":"717d92","runId":"unknown","hypothesisId":"H6","location":"Auth.php:input","message":"Raw input received","data":{"action":"check_session","email":"","emailLength":0,"emailBytes":""},"timestamp":1778140347614}
{"sessionId":"717d92","runId":"unknown","hypothesisId":"H6","location":"Auth.php:route","message":"Incoming auth action","data":{"action":"check_session","sessionId":"strqptsteplkp6qrj7hgl194rs","method":"POST"},"timestamp":1778140347614}
{"sessionId":"717d92","runId":"unknown","hypothesisId":"H6","location":"Auth.php:handleCheckSession:start","message":"Checking current session","data":{"hasUserSession":true,"hasRememberToken":false},"timestamp":1778140347615}
{"sessionId":"717d92","runId":"unknown","hypothesisId":"H6","location":"Auth.php:handleCheckSession:active","message":"Active session found","data":{"userId":47},"timestamp":1778140347616}
{"sessionId":"717d92","runId":"unknown","hypothesisId":"H6","location":"Auth.php:input","message":"Raw input received","data":{"action":"logout","email":"","emailLength":0,"emailBytes":""},"timestamp":1778140353076}
{"sessionId":"717d92","runId":"unknown","hypothesisId":"H6","location":"Auth.php:route","message":"Incoming auth action","data":{"action":"logout","sessionId":"strqptsteplkp6qrj7hgl194rs","method":"POST"},"timestamp":1778140353077}
{"sessionId":"717d92","runId":"run_1778140353124","hypothesisId":"H6","location":"Auth.php:input","message":"Raw input received","data":{"action":"check_session","email":"","emailLength":0,"emailBytes":""},"timestamp":1778140353172}
{"sessionId":"717d92","runId":"run_1778140353124","hypothesisId":"H6","location":"Auth.php:route","message":"Incoming auth action","data":{"action":"check_session","sessionId":"strqptsteplkp6qrj7hgl194rs","method":"POST"},"timestamp":1778140353173}
{"sessionId":"717d92","runId":"run_1778140353124","hypothesisId":"H6","location":"Auth.php:handleCheckSession:start","message":"Checking current session","data":{"hasUserSession":false,"hasRememberToken":false},"timestamp":1778140353173}
{"sessionId":"717d92","runId":"run_1778140353124","hypothesisId":"H6","location":"Auth.php:handleCheckSession:none","message":"No active session","data":[],"timestamp":1778140353174}
{"sessionId":"717d92","runId":"run_1778140353124","hypothesisId":"H6","location":"Auth.php:input","message":"Raw input received","data":{"action":"login","email":"admin@gmail.com","emailLength":15,"emailBytes":"61646d696e40676d61696c2e636f6d"},"timestamp":1778140362148}
{"sessionId":"717d92","runId":"run_1778140353124","hypothesisId":"H6","location":"Auth.php:route","message":"Incoming auth action","data":{"action":"login","sessionId":"strqptsteplkp6qrj7hgl194rs","method":"POST"},"timestamp":1778140362150}
{"sessionId":"717d92","runId":"run_1778140353124","hypothesisId":"H1","location":"Auth.php:handleLogin:start","message":"Login request received","data":{"email":"admin@gmail.com","hasPassword":true,"sessionId":"strqptsteplkp6qrj7hgl194rs"},"timestamp":1778140362152}
{"sessionId":"717d92","runId":"run_1778140353124","hypothesisId":"H1","location":"Auth.php:handleLogin:userFetch","message":"User fetched from DB","data":{"email":"admin@gmail.com","userFound":true,"userProvider":"email"},"timestamp":1778140362194}
{"sessionId":"717d92","runId":"run_1778140353124","hypothesisId":"H1","location":"Auth.php:handleLogin:staffAdminCheck","message":"Staff/Admin CHECK PASSED","data":{"email":"admin@gmail.com","role":"admin","userFound":true},"timestamp":1778140362195}
{"sessionId":"717d92","runId":"run_1778140353124","hypothesisId":"H1","location":"Auth.php:handleLogin:password","message":"Password verification result","data":{"passwordMatch":true},"timestamp":1778140362566}
{"sessionId":"717d92","runId":"run_1778140353124","hypothesisId":"H1","location":"Auth.php:handleLogin:staffAdmin","message":"Staff/Admin login \u2014 bypassing OTP","data":{"userId":25,"role":"admin"},"timestamp":1778140362566}
{"sessionId":"717d92","runId":"unknown","hypothesisId":"H6","location":"Auth.php:input","message":"Raw input received","data":{"action":"check_session","email":"","emailLength":0,"emailBytes":""},"timestamp":1778140718805}
{"sessionId":"717d92","runId":"unknown","hypothesisId":"H6","location":"Auth.php:route","message":"Incoming auth action","data":{"action":"check_session","sessionId":"78nraopngjdcggls2ti8neochm","method":"POST"},"timestamp":1778140718810}
{"sessionId":"717d92","runId":"unknown","hypothesisId":"H6","location":"Auth.php:handleCheckSession:start","message":"Checking current session","data":{"hasUserSession":true,"hasRememberToken":false},"timestamp":1778140718810}
{"sessionId":"717d92","runId":"unknown","hypothesisId":"H6","location":"Auth.php:handleCheckSession:active","message":"Active session found","data":{"userId":25},"timestamp":1778140718811}
{"sessionId":"717d92","runId":"run_1778140754756","hypothesisId":"H6","location":"Auth.php:input","message":"Raw input received","data":{"action":"check_session","email":"","emailLength":0,"emailBytes":""},"timestamp":1778140754823}
{"sessionId":"717d92","runId":"run_1778140754756","hypothesisId":"H6","location":"Auth.php:route","message":"Incoming auth action","data":{"action":"check_session","sessionId":"v3mrq09ut3hivfaer6knaom6di","method":"POST"},"timestamp":1778140754826}
{"sessionId":"717d92","runId":"run_1778140754756","hypothesisId":"H6","location":"Auth.php:handleCheckSession:start","message":"Checking current session","data":{"hasUserSession":true,"hasRememberToken":false},"timestamp":1778140754827}
{"sessionId":"717d92","runId":"run_1778140754756","hypothesisId":"H6","location":"Auth.php:handleCheckSession:active","message":"Active session found","data":{"userId":25},"timestamp":1778140754827}
{"sessionId":"717d92","runId":"unknown","hypothesisId":"H6","location":"Auth.php:input","message":"Raw input received","data":{"action":"check_session","email":"","emailLength":0,"emailBytes":""},"timestamp":1778140757313}
{"sessionId":"717d92","runId":"unknown","hypothesisId":"H6","location":"Auth.php:route","message":"Incoming auth action","data":{"action":"check_session","sessionId":"v3mrq09ut3hivfaer6knaom6di","method":"POST"},"timestamp":1778140757313}
{"sessionId":"717d92","runId":"unknown","hypothesisId":"H6","location":"Auth.php:handleCheckSession:start","message":"Checking current session","data":{"hasUserSession":true,"hasRememberToken":false},"timestamp":1778140757314}
{"sessionId":"717d92","runId":"unknown","hypothesisId":"H6","location":"Auth.php:handleCheckSession:active","message":"Active session found","data":{"userId":25},"timestamp":1778140757315}
{"sessionId":"717d92","runId":"unknown","hypothesisId":"H6","location":"Auth.php:input","message":"Raw input received","data":{"action":"check_session","email":"","emailLength":0,"emailBytes":""},"timestamp":1778140773935}
{"sessionId":"717d92","runId":"unknown","hypothesisId":"H6","location":"Auth.php:route","message":"Incoming auth action","data":{"action":"check_session","sessionId":"v3mrq09ut3hivfaer6knaom6di","method":"POST"},"timestamp":1778140773935}
{"sessionId":"717d92","runId":"unknown","hypothesisId":"H6","location":"Auth.php:handleCheckSession:start","message":"Checking current session","data":{"hasUserSession":true,"hasRememberToken":false},"timestamp":1778140773936}
{"sessionId":"717d92","runId":"unknown","hypothesisId":"H6","location":"Auth.php:handleCheckSession:active","message":"Active session found","data":{"userId":25},"timestamp":1778140773937}
{"sessionId":"717d92","runId":"unknown","hypothesisId":"H6","location":"Auth.php:input","message":"Raw input received","data":{"action":"check_session","email":"","emailLength":0,"emailBytes":""},"timestamp":1778140903883}
{"sessionId":"717d92","runId":"unknown","hypothesisId":"H6","location":"Auth.php:route","message":"Incoming auth action","data":{"action":"check_session","sessionId":"v3mrq09ut3hivfaer6knaom6di","method":"POST"},"timestamp":1778140903887}
{"sessionId":"717d92","runId":"unknown","hypothesisId":"H6","location":"Auth.php:handleCheckSession:start","message":"Checking current session","data":{"hasUserSession":true,"hasRememberToken":false},"timestamp":1778140903888}
{"sessionId":"717d92","runId":"unknown","hypothesisId":"H6","location":"Auth.php:handleCheckSession:active","message":"Active session found","data":{"userId":25},"timestamp":1778140903889}
{"sessionId":"717d92","runId":"run_1778140930559","hypothesisId":"H6","location":"Auth.php:input","message":"Raw input received","data":{"action":"check_session","email":"","emailLength":0,"emailBytes":""},"timestamp":1778140930605}
{"sessionId":"717d92","runId":"run_1778140930559","hypothesisId":"H6","location":"Auth.php:route","message":"Incoming auth action","data":{"action":"check_session","sessionId":"v3mrq09ut3hivfaer6knaom6di","method":"POST"},"timestamp":1778140930607}
{"sessionId":"717d92","runId":"run_1778140930559","hypothesisId":"H6","location":"Auth.php:handleCheckSession:start","message":"Checking current session","data":{"hasUserSession":true,"hasRememberToken":false},"timestamp":1778140930609}
{"sessionId":"717d92","runId":"run_1778140930559","hypothesisId":"H6","location":"Auth.php:handleCheckSession:active","message":"Active session found","data":{"userId":25},"timestamp":1778140930610}
{"sessionId":"717d92","runId":"unknown","hypothesisId":"H6","location":"Auth.php:input","message":"Raw input received","data":{"action":"check_session","email":"","emailLength":0,"emailBytes":""},"timestamp":1778140933108}
{"sessionId":"717d92","runId":"unknown","hypothesisId":"H6","location":"Auth.php:route","message":"Incoming auth action","data":{"action":"check_session","sessionId":"v3mrq09ut3hivfaer6knaom6di","method":"POST"},"timestamp":1778140933109}
{"sessionId":"717d92","runId":"unknown","hypothesisId":"H6","location":"Auth.php:handleCheckSession:start","message":"Checking current session","data":{"hasUserSession":true,"hasRememberToken":false},"timestamp":1778140933110}
{"sessionId":"717d92","runId":"unknown","hypothesisId":"H6","location":"Auth.php:handleCheckSession:active","message":"Active session found","data":{"userId":25},"timestamp":1778140933111}
{"sessionId":"717d92","runId":"unknown","hypothesisId":"H6","location":"Auth.php:input","message":"Raw input received","data":{"action":"check_session","email":"","emailLength":0,"emailBytes":""},"timestamp":1778141209945}
{"sessionId":"717d92","runId":"unknown","hypothesisId":"H6","location":"Auth.php:route","message":"Incoming auth action","data":{"action":"check_session","sessionId":"v3mrq09ut3hivfaer6knaom6di","method":"POST"},"timestamp":1778141209949}
{"sessionId":"717d92","runId":"unknown","hypothesisId":"H6","location":"Auth.php:handleCheckSession:start","message":"Checking current session","data":{"hasUserSession":true,"hasRememberToken":false},"timestamp":1778141209949}
{"sessionId":"717d92","runId":"unknown","hypothesisId":"H6","location":"Auth.php:handleCheckSession:active","message":"Active session found","data":{"userId":25},"timestamp":1778141209950}
{"sessionId":"717d92","runId":"unknown","hypothesisId":"H6","location":"Auth.php:input","message":"Raw input received","data":{"action":"check_session","email":"","emailLength":0,"emailBytes":""},"timestamp":1778141693620}
{"sessionId":"717d92","runId":"unknown","hypothesisId":"H6","location":"Auth.php:route","message":"Incoming auth action","data":{"action":"check_session","sessionId":"v3mrq09ut3hivfaer6knaom6di","method":"POST"},"timestamp":1778141693625}
{"sessionId":"717d92","runId":"unknown","hypothesisId":"H6","location":"Auth.php:handleCheckSession:start","message":"Checking current session","data":{"hasUserSession":true,"hasRememberToken":false},"timestamp":1778141693626}
{"sessionId":"717d92","runId":"unknown","hypothesisId":"H6","location":"Auth.php:handleCheckSession:active","message":"Active session found","data":{"userId":25},"timestamp":1778141693627}
{"sessionId":"717d92","runId":"unknown","hypothesisId":"H6","location":"Auth.php:input","message":"Raw input received","data":{"action":"logout","email":"","emailLength":0,"emailBytes":""},"timestamp":1778141696123}
{"sessionId":"717d92","runId":"unknown","hypothesisId":"H6","location":"Auth.php:route","message":"Incoming auth action","data":{"action":"logout","sessionId":"v3mrq09ut3hivfaer6knaom6di","method":"POST"},"timestamp":1778141696124}
{"sessionId":"717d92","runId":"run_1778141696280","hypothesisId":"H6","location":"Auth.php:input","message":"Raw input received","data":{"action":"check_session","email":"","emailLength":0,"emailBytes":""},"timestamp":1778141696298}
{"sessionId":"717d92","runId":"run_1778141696280","hypothesisId":"H6","location":"Auth.php:route","message":"Incoming auth action","data":{"action":"check_session","sessionId":"v3mrq09ut3hivfaer6knaom6di","method":"POST"},"timestamp":1778141696299}
{"sessionId":"717d92","runId":"run_1778141696280","hypothesisId":"H6","location":"Auth.php:handleCheckSession:start","message":"Checking current session","data":{"hasUserSession":false,"hasRememberToken":false},"timestamp":1778141696300}
{"sessionId":"717d92","runId":"run_1778141696280","hypothesisId":"H6","location":"Auth.php:handleCheckSession:none","message":"No active session","data":[],"timestamp":1778141696300}
{"sessionId":"717d92","runId":"run_1778141702877","hypothesisId":"H6","location":"Auth.php:input","message":"Raw input received","data":{"action":"check_session","email":"","emailLength":0,"emailBytes":""},"timestamp":1778141702909}
{"sessionId":"717d92","runId":"run_1778141702877","hypothesisId":"H6","location":"Auth.php:route","message":"Incoming auth action","data":{"action":"check_session","sessionId":"v3mrq09ut3hivfaer6knaom6di","method":"POST"},"timestamp":1778141702910}
{"sessionId":"717d92","runId":"run_1778141702877","hypothesisId":"H6","location":"Auth.php:handleCheckSession:start","message":"Checking current session","data":{"hasUserSession":false,"hasRememberToken":false},"timestamp":1778141702911}
{"sessionId":"717d92","runId":"run_1778141702877","hypothesisId":"H6","location":"Auth.php:handleCheckSession:none","message":"No active session","data":[],"timestamp":1778141702912}
{"sessionId":"717d92","runId":"run_1778141696280","hypothesisId":"H6","location":"Auth.php:input","message":"Raw input received","data":{"action":"facebook_auth","email":"","emailLength":0,"emailBytes":""},"timestamp":1778141703794}
{"sessionId":"717d92","runId":"run_1778141696280","hypothesisId":"H6","location":"Auth.php:route","message":"Incoming auth action","data":{"action":"facebook_auth","sessionId":"v3mrq09ut3hivfaer6knaom6di","method":"POST"},"timestamp":1778141703796}
{"sessionId":"717d92","runId":"run_1778141696280","hypothesisId":"H12","location":"Auth.php:handleFacebookAuth:config","message":"Facebook auth config loaded","data":{"hasAppId":true,"hasAppSecret":true},"timestamp":1778141703797}
{"sessionId":"717d92","runId":"run_1778141702877","hypothesisId":"H6","location":"Auth.php:input","message":"Raw input received","data":{"action":"login","email":"admin@gmail.com","emailLength":15,"emailBytes":"61646d696e40676d61696c2e636f6d"},"timestamp":1778141712040}
{"sessionId":"717d92","runId":"run_1778141702877","hypothesisId":"H6","location":"Auth.php:route","message":"Incoming auth action","data":{"action":"login","sessionId":"v3mrq09ut3hivfaer6knaom6di","method":"POST"},"timestamp":1778141712041}
{"sessionId":"717d92","runId":"run_1778141702877","hypothesisId":"H1","location":"Auth.php:handleLogin:start","message":"Login request received","data":{"email":"admin@gmail.com","hasPassword":true,"sessionId":"v3mrq09ut3hivfaer6knaom6di"},"timestamp":1778141712042}
{"sessionId":"717d92","runId":"run_1778141702877","hypothesisId":"H1","location":"Auth.php:handleLogin:userFetch","message":"User fetched from DB","data":{"email":"admin@gmail.com","userFound":true,"userProvider":"email"},"timestamp":1778141712063}
{"sessionId":"717d92","runId":"run_1778141702877","hypothesisId":"H1","location":"Auth.php:handleLogin:staffAdminCheck","message":"Staff/Admin CHECK PASSED","data":{"email":"admin@gmail.com","role":"admin","userFound":true},"timestamp":1778141712064}
{"sessionId":"717d92","runId":"run_1778141702877","hypothesisId":"H1","location":"Auth.php:handleLogin:password","message":"Password verification result","data":{"passwordMatch":false},"timestamp":1778141712414}
{"sessionId":"717d92","runId":"run_1778141702877","hypothesisId":"H1","location":"Auth.php:handleLogin:wrongPassword","message":"Password did not match","data":[],"timestamp":1778141712414}
{"sessionId":"717d92","runId":"run_1778141702877","hypothesisId":"H6","location":"Auth.php:input","message":"Raw input received","data":{"action":"login","email":"admin@gmail.com","emailLength":15,"emailBytes":"61646d696e40676d61696c2e636f6d"},"timestamp":1778141718565}
{"sessionId":"717d92","runId":"run_1778141702877","hypothesisId":"H6","location":"Auth.php:route","message":"Incoming auth action","data":{"action":"login","sessionId":"v3mrq09ut3hivfaer6knaom6di","method":"POST"},"timestamp":1778141718566}
{"sessionId":"717d92","runId":"run_1778141702877","hypothesisId":"H1","location":"Auth.php:handleLogin:start","message":"Login request received","data":{"email":"admin@gmail.com","hasPassword":true,"sessionId":"v3mrq09ut3hivfaer6knaom6di"},"timestamp":1778141718567}
{"sessionId":"717d92","runId":"run_1778141702877","hypothesisId":"H1","location":"Auth.php:handleLogin:userFetch","message":"User fetched from DB","data":{"email":"admin@gmail.com","userFound":true,"userProvider":"email"},"timestamp":1778141718580}
{"sessionId":"717d92","runId":"run_1778141702877","hypothesisId":"H1","location":"Auth.php:handleLogin:staffAdminCheck","message":"Staff/Admin CHECK PASSED","data":{"email":"admin@gmail.com","role":"admin","userFound":true},"timestamp":1778141718581}
{"sessionId":"717d92","runId":"run_1778141702877","hypothesisId":"H1","location":"Auth.php:handleLogin:password","message":"Password verification result","data":{"passwordMatch":true},"timestamp":1778141718924}
{"sessionId":"717d92","runId":"run_1778141702877","hypothesisId":"H1","location":"Auth.php:handleLogin:staffAdmin","message":"Staff/Admin login \u2014 bypassing OTP","data":{"userId":25,"role":"admin"},"timestamp":1778141718925}
{"sessionId":"717d92","runId":"run_1778141721870","hypothesisId":"H6","location":"Auth.php:input","message":"Raw input received","data":{"action":"check_session","email":"","emailLength":0,"emailBytes":""},"timestamp":1778141721882}
{"sessionId":"717d92","runId":"run_1778141721870","hypothesisId":"H6","location":"Auth.php:route","message":"Incoming auth action","data":{"action":"check_session","sessionId":"erq8754kh7fqhhv9t06hbg1acn","method":"POST"},"timestamp":1778141721883}
{"sessionId":"717d92","runId":"run_1778141721870","hypothesisId":"H6","location":"Auth.php:handleCheckSession:start","message":"Checking current session","data":{"hasUserSession":true,"hasRememberToken":false},"timestamp":1778141721884}
{"sessionId":"717d92","runId":"run_1778141721870","hypothesisId":"H6","location":"Auth.php:handleCheckSession:active","message":"Active session found","data":{"userId":25},"timestamp":1778141721884}
{"sessionId":"717d92","runId":"unknown","hypothesisId":"H6","location":"Auth.php:input","message":"Raw input received","data":{"action":"check_session","email":"","emailLength":0,"emailBytes":""},"timestamp":1778141724571}
{"sessionId":"717d92","runId":"unknown","hypothesisId":"H6","location":"Auth.php:route","message":"Incoming auth action","data":{"action":"check_session","sessionId":"erq8754kh7fqhhv9t06hbg1acn","method":"POST"},"timestamp":1778141724572}
{"sessionId":"717d92","runId":"unknown","hypothesisId":"H6","location":"Auth.php:handleCheckSession:start","message":"Checking current session","data":{"hasUserSession":true,"hasRememberToken":false},"timestamp":1778141724572}
{"sessionId":"717d92","runId":"unknown","hypothesisId":"H6","location":"Auth.php:handleCheckSession:active","message":"Active session found","data":{"userId":25},"timestamp":1778141724573}
{"sessionId":"717d92","runId":"run_1778141743952","hypothesisId":"H6","location":"Auth.php:input","message":"Raw input received","data":{"action":"check_session","email":"","emailLength":0,"emailBytes":""},"timestamp":1778141743966}
{"sessionId":"717d92","runId":"run_1778141743952","hypothesisId":"H6","location":"Auth.php:route","message":"Incoming auth action","data":{"action":"check_session","sessionId":"erq8754kh7fqhhv9t06hbg1acn","method":"POST"},"timestamp":1778141743967}
{"sessionId":"717d92","runId":"run_1778141743952","hypothesisId":"H6","location":"Auth.php:handleCheckSession:start","message":"Checking current session","data":{"hasUserSession":true,"hasRememberToken":false},"timestamp":1778141743967}
{"sessionId":"717d92","runId":"run_1778141743952","hypothesisId":"H6","location":"Auth.php:handleCheckSession:active","message":"Active session found","data":{"userId":25},"timestamp":1778141743968}
{"sessionId":"717d92","runId":"unknown","hypothesisId":"H6","location":"Auth.php:input","message":"Raw input received","data":{"action":"check_session","email":"","emailLength":0,"emailBytes":""},"timestamp":1778141746523}
{"sessionId":"717d92","runId":"unknown","hypothesisId":"H6","location":"Auth.php:route","message":"Incoming auth action","data":{"action":"check_session","sessionId":"erq8754kh7fqhhv9t06hbg1acn","method":"POST"},"timestamp":1778141746524}
{"sessionId":"717d92","runId":"unknown","hypothesisId":"H6","location":"Auth.php:handleCheckSession:start","message":"Checking current session","data":{"hasUserSession":true,"hasRememberToken":false},"timestamp":1778141746524}
{"sessionId":"717d92","runId":"unknown","hypothesisId":"H6","location":"Auth.php:handleCheckSession:active","message":"Active session found","data":{"userId":25},"timestamp":1778141746525}
{"sessionId":"717d92","runId":"unknown","hypothesisId":"H6","location":"Auth.php:input","message":"Raw input received","data":{"action":"check_session","email":"","emailLength":0,"emailBytes":""},"timestamp":1778142071462}
{"sessionId":"717d92","runId":"unknown","hypothesisId":"H6","location":"Auth.php:route","message":"Incoming auth action","data":{"action":"check_session","sessionId":"1ntfn4809tf9erff7jefql8c2c","method":"POST"},"timestamp":1778142071465}
{"sessionId":"717d92","runId":"unknown","hypothesisId":"H6","location":"Auth.php:handleCheckSession:start","message":"Checking current session","data":{"hasUserSession":true,"hasRememberToken":false},"timestamp":1778142071466}
{"sessionId":"717d92","runId":"unknown","hypothesisId":"H6","location":"Auth.php:handleCheckSession:active","message":"Active session found","data":{"userId":25},"timestamp":1778142071467}
{"sessionId":"717d92","runId":"run_1778142090381","hypothesisId":"H6","location":"Auth.php:input","message":"Raw input received","data":{"action":"check_session","email":"","emailLength":0,"emailBytes":""},"timestamp":1778142090408}
{"sessionId":"717d92","runId":"run_1778142090381","hypothesisId":"H6","location":"Auth.php:route","message":"Incoming auth action","data":{"action":"check_session","sessionId":"1ntfn4809tf9erff7jefql8c2c","method":"POST"},"timestamp":1778142090409}
{"sessionId":"717d92","runId":"run_1778142090381","hypothesisId":"H6","location":"Auth.php:handleCheckSession:start","message":"Checking current session","data":{"hasUserSession":true,"hasRememberToken":false},"timestamp":1778142090410}
{"sessionId":"717d92","runId":"run_1778142090381","hypothesisId":"H6","location":"Auth.php:handleCheckSession:active","message":"Active session found","data":{"userId":25},"timestamp":1778142090411}
{"sessionId":"717d92","runId":"unknown","hypothesisId":"H6","location":"Auth.php:input","message":"Raw input received","data":{"action":"check_session","email":"","emailLength":0,"emailBytes":""},"timestamp":1778142092846}
{"sessionId":"717d92","runId":"unknown","hypothesisId":"H6","location":"Auth.php:route","message":"Incoming auth action","data":{"action":"check_session","sessionId":"1ntfn4809tf9erff7jefql8c2c","method":"POST"},"timestamp":1778142092846}
{"sessionId":"717d92","runId":"unknown","hypothesisId":"H6","location":"Auth.php:handleCheckSession:start","message":"Checking current session","data":{"hasUserSession":true,"hasRememberToken":false},"timestamp":1778142092847}
{"sessionId":"717d92","runId":"unknown","hypothesisId":"H6","location":"Auth.php:handleCheckSession:active","message":"Active session found","data":{"userId":25},"timestamp":1778142092847}
{"sessionId":"717d92","runId":"run_1778148746854","hypothesisId":"H6","location":"Auth.php:input","message":"Raw input received","data":{"action":"check_session","email":"","emailLength":0,"emailBytes":""},"timestamp":1778148746905}
{"sessionId":"717d92","runId":"run_1778148746854","hypothesisId":"H6","location":"Auth.php:route","message":"Incoming auth action","data":{"action":"check_session","sessionId":"okg77lgab0airstrhqgqvm5gqa","method":"POST"},"timestamp":1778148746909}
{"sessionId":"717d92","runId":"run_1778148746854","hypothesisId":"H6","location":"Auth.php:handleCheckSession:start","message":"Checking current session","data":{"hasUserSession":false,"hasRememberToken":false},"timestamp":1778148746910}
{"sessionId":"717d92","runId":"run_1778148746854","hypothesisId":"H6","location":"Auth.php:handleCheckSession:none","message":"No active session","data":[],"timestamp":1778148746910}
{"sessionId":"717d92","runId":"run_1778148746854","hypothesisId":"H6","location":"Auth.php:input","message":"Raw input received","data":{"action":"login","email":"beejab919@gmail.com","emailLength":19,"emailBytes":"6265656a616239313940676d61696c2e636f6d"},"timestamp":1778148757100}
{"sessionId":"717d92","runId":"run_1778148746854","hypothesisId":"H6","location":"Auth.php:route","message":"Incoming auth action","data":{"action":"login","sessionId":"okg77lgab0airstrhqgqvm5gqa","method":"POST"},"timestamp":1778148757102}
{"sessionId":"717d92","runId":"run_1778148746854","hypothesisId":"H1","location":"Auth.php:handleLogin:start","message":"Login request received","data":{"email":"beejab919@gmail.com","hasPassword":true,"sessionId":"okg77lgab0airstrhqgqvm5gqa"},"timestamp":1778148757103}
{"sessionId":"717d92","runId":"run_1778148746854","hypothesisId":"H1","location":"Auth.php:handleLogin:userFetch","message":"User fetched from DB","data":{"email":"beejab919@gmail.com","userFound":true,"userProvider":"email"},"timestamp":1778148757247}
{"sessionId":"717d92","runId":"run_1778148746854","hypothesisId":"H1","location":"Auth.php:handleLogin:staffAdminCheck","message":"Staff/Admin CHECK PASSED","data":{"email":"beejab919@gmail.com","role":"staff","userFound":true},"timestamp":1778148757248}
{"sessionId":"717d92","runId":"run_1778148746854","hypothesisId":"H1","location":"Auth.php:handleLogin:password","message":"Password verification result","data":{"passwordMatch":false},"timestamp":1778148757615}
{"sessionId":"717d92","runId":"run_1778148746854","hypothesisId":"H1","location":"Auth.php:handleLogin:wrongPassword","message":"Password did not match","data":[],"timestamp":1778148757617}
{"sessionId":"717d92","runId":"run_1778148746854","hypothesisId":"H6","location":"Auth.php:input","message":"Raw input received","data":{"action":"login","email":"beejab919@gmail.com","emailLength":19,"emailBytes":"6265656a616239313940676d61696c2e636f6d"},"timestamp":1778148764185}
{"sessionId":"717d92","runId":"run_1778148746854","hypothesisId":"H6","location":"Auth.php:route","message":"Incoming auth action","data":{"action":"login","sessionId":"okg77lgab0airstrhqgqvm5gqa","method":"POST"},"timestamp":1778148764186}
{"sessionId":"717d92","runId":"run_1778148746854","hypothesisId":"H1","location":"Auth.php:handleLogin:start","message":"Login request received","data":{"email":"beejab919@gmail.com","hasPassword":true,"sessionId":"okg77lgab0airstrhqgqvm5gqa"},"timestamp":1778148764186}
{"sessionId":"717d92","runId":"run_1778148746854","hypothesisId":"H1","location":"Auth.php:handleLogin:userFetch","message":"User fetched from DB","data":{"email":"beejab919@gmail.com","userFound":true,"userProvider":"email"},"timestamp":1778148764226}
{"sessionId":"717d92","runId":"run_1778148746854","hypothesisId":"H1","location":"Auth.php:handleLogin:staffAdminCheck","message":"Staff/Admin CHECK PASSED","data":{"email":"beejab919@gmail.com","role":"staff","userFound":true},"timestamp":1778148764227}
{"sessionId":"717d92","runId":"run_1778148746854","hypothesisId":"H1","location":"Auth.php:handleLogin:password","message":"Password verification result","data":{"passwordMatch":false},"timestamp":1778148764618}
{"sessionId":"717d92","runId":"run_1778148746854","hypothesisId":"H1","location":"Auth.php:handleLogin:wrongPassword","message":"Password did not match","data":[],"timestamp":1778148764619}
{"sessionId":"717d92","runId":"run_1778148746854","hypothesisId":"H6","location":"Auth.php:input","message":"Raw input received","data":{"action":"login","email":"beejab919@gmail.com","emailLength":19,"emailBytes":"6265656a616239313940676d61696c2e636f6d"},"timestamp":1778148769976}
{"sessionId":"717d92","runId":"run_1778148746854","hypothesisId":"H6","location":"Auth.php:route","message":"Incoming auth action","data":{"action":"login","sessionId":"okg77lgab0airstrhqgqvm5gqa","method":"POST"},"timestamp":1778148769976}
{"sessionId":"717d92","runId":"run_1778148746854","hypothesisId":"H1","location":"Auth.php:handleLogin:start","message":"Login request received","data":{"email":"beejab919@gmail.com","hasPassword":true,"sessionId":"okg77lgab0airstrhqgqvm5gqa"},"timestamp":1778148769977}
{"sessionId":"717d92","runId":"run_1778148746854","hypothesisId":"H1","location":"Auth.php:handleLogin:userFetch","message":"User fetched from DB","data":{"email":"beejab919@gmail.com","userFound":true,"userProvider":"email"},"timestamp":1778148769989}
{"sessionId":"717d92","runId":"run_1778148746854","hypothesisId":"H1","location":"Auth.php:handleLogin:staffAdminCheck","message":"Staff/Admin CHECK PASSED","data":{"email":"beejab919@gmail.com","role":"staff","userFound":true},"timestamp":1778148769990}
{"sessionId":"717d92","runId":"run_1778148746854","hypothesisId":"H1","location":"Auth.php:handleLogin:password","message":"Password verification result","data":{"passwordMatch":false},"timestamp":1778148770345}
{"sessionId":"717d92","runId":"run_1778148746854","hypothesisId":"H1","location":"Auth.php:handleLogin:wrongPassword","message":"Password did not match","data":[],"timestamp":1778148770346}
{"sessionId":"717d92","runId":"run_1778148746854","hypothesisId":"H6","location":"Auth.php:input","message":"Raw input received","data":{"action":"login","email":"beejab919@gmail.com","emailLength":19,"emailBytes":"6265656a616239313940676d61696c2e636f6d"},"timestamp":1778148775837}
{"sessionId":"717d92","runId":"run_1778148746854","hypothesisId":"H6","location":"Auth.php:route","message":"Incoming auth action","data":{"action":"login","sessionId":"okg77lgab0airstrhqgqvm5gqa","method":"POST"},"timestamp":1778148775837}
{"sessionId":"717d92","runId":"run_1778148746854","hypothesisId":"H1","location":"Auth.php:handleLogin:start","message":"Login request received","data":{"email":"beejab919@gmail.com","hasPassword":true,"sessionId":"okg77lgab0airstrhqgqvm5gqa"},"timestamp":1778148775838}
{"sessionId":"717d92","runId":"run_1778148746854","hypothesisId":"H1","location":"Auth.php:handleLogin:userFetch","message":"User fetched from DB","data":{"email":"beejab919@gmail.com","userFound":true,"userProvider":"email"},"timestamp":1778148775847}
{"sessionId":"717d92","runId":"run_1778148746854","hypothesisId":"H1","location":"Auth.php:handleLogin:staffAdminCheck","message":"Staff/Admin CHECK PASSED","data":{"email":"beejab919@gmail.com","role":"staff","userFound":true},"timestamp":1778148775848}
{"sessionId":"717d92","runId":"run_1778148746854","hypothesisId":"H1","location":"Auth.php:handleLogin:password","message":"Password verification result","data":{"passwordMatch":false},"timestamp":1778148776236}
{"sessionId":"717d92","runId":"run_1778148746854","hypothesisId":"H1","location":"Auth.php:handleLogin:wrongPassword","message":"Password did not match","data":[],"timestamp":1778148776237}
{"sessionId":"717d92","runId":"run_1778148778307","hypothesisId":"H6","location":"Auth.php:input","message":"Raw input received","data":{"action":"check_session","email":"","emailLength":0,"emailBytes":""},"timestamp":1778148778320}
{"sessionId":"717d92","runId":"run_1778148778307","hypothesisId":"H6","location":"Auth.php:route","message":"Incoming auth action","data":{"action":"check_session","sessionId":"okg77lgab0airstrhqgqvm5gqa","method":"POST"},"timestamp":1778148778321}
{"sessionId":"717d92","runId":"run_1778148778307","hypothesisId":"H6","location":"Auth.php:handleCheckSession:start","message":"Checking current session","data":{"hasUserSession":false,"hasRememberToken":false},"timestamp":1778148778322}
{"sessionId":"717d92","runId":"run_1778148778307","hypothesisId":"H6","location":"Auth.php:handleCheckSession:none","message":"No active session","data":[],"timestamp":1778148778323}
{"sessionId":"717d92","runId":"run_1778148746854","hypothesisId":"H6","location":"Auth.php:input","message":"Raw input received","data":{"action":"login","email":"staff1@gmail.com","emailLength":16,"emailBytes":"73746166663140676d61696c2e636f6d"},"timestamp":1778148788843}
{"sessionId":"717d92","runId":"run_1778148746854","hypothesisId":"H6","location":"Auth.php:route","message":"Incoming auth action","data":{"action":"login","sessionId":"okg77lgab0airstrhqgqvm5gqa","method":"POST"},"timestamp":1778148788844}
{"sessionId":"717d92","runId":"run_1778148746854","hypothesisId":"H1","location":"Auth.php:handleLogin:start","message":"Login request received","data":{"email":"staff1@gmail.com","hasPassword":true,"sessionId":"okg77lgab0airstrhqgqvm5gqa"},"timestamp":1778148788848}
{"sessionId":"717d92","runId":"run_1778148746854","hypothesisId":"H1","location":"Auth.php:handleLogin:userFetch","message":"User fetched from DB","data":{"email":"staff1@gmail.com","userFound":false,"userProvider":null},"timestamp":1778148788912}
{"sessionId":"717d92","runId":"run_1778148746854","hypothesisId":"H1","location":"Auth.php:handleLogin:notStaffAdmin","message":"Check FAILED - not staff or admin","data":{"email":"staff1@gmail.com","role":"customer"},"timestamp":1778148788912}
{"sessionId":"717d92","runId":"run_1778148746854","hypothesisId":"H6","location":"Auth.php:input","message":"Raw input received","data":{"action":"login","email":"beejab919@gmail.com","emailLength":19,"emailBytes":"6265656a616239313940676d61696c2e636f6d"},"timestamp":1778148797025}
{"sessionId":"717d92","runId":"run_1778148746854","hypothesisId":"H6","location":"Auth.php:route","message":"Incoming auth action","data":{"action":"login","sessionId":"okg77lgab0airstrhqgqvm5gqa","method":"POST"},"timestamp":1778148797026}
{"sessionId":"717d92","runId":"run_1778148746854","hypothesisId":"H1","location":"Auth.php:handleLogin:start","message":"Login request received","data":{"email":"beejab919@gmail.com","hasPassword":true,"sessionId":"okg77lgab0airstrhqgqvm5gqa"},"timestamp":1778148797027}
{"sessionId":"717d92","runId":"run_1778148746854","hypothesisId":"H1","location":"Auth.php:handleLogin:userFetch","message":"User fetched from DB","data":{"email":"beejab919@gmail.com","userFound":true,"userProvider":"email"},"timestamp":1778148797052}
{"sessionId":"717d92","runId":"run_1778148746854","hypothesisId":"H1","location":"Auth.php:handleLogin:staffAdminCheck","message":"Staff/Admin CHECK PASSED","data":{"email":"beejab919@gmail.com","role":"staff","userFound":true},"timestamp":1778148797053}
{"sessionId":"717d92","runId":"run_1778148746854","hypothesisId":"H1","location":"Auth.php:handleLogin:password","message":"Password verification result","data":{"passwordMatch":false},"timestamp":1778148797432}
{"sessionId":"717d92","runId":"run_1778148746854","hypothesisId":"H1","location":"Auth.php:handleLogin:wrongPassword","message":"Password did not match","data":[],"timestamp":1778148797433}
{"sessionId":"717d92","runId":"run_1778148746854","hypothesisId":"H6","location":"Auth.php:input","message":"Raw input received","data":{"action":"login","email":"beejab919@gmail.com","emailLength":19,"emailBytes":"6265656a616239313940676d61696c2e636f6d"},"timestamp":1778148801000}
{"sessionId":"717d92","runId":"run_1778148746854","hypothesisId":"H6","location":"Auth.php:route","message":"Incoming auth action","data":{"action":"login","sessionId":"okg77lgab0airstrhqgqvm5gqa","method":"POST"},"timestamp":1778148801002}
{"sessionId":"717d92","runId":"run_1778148746854","hypothesisId":"H1","location":"Auth.php:handleLogin:start","message":"Login request received","data":{"email":"beejab919@gmail.com","hasPassword":true,"sessionId":"okg77lgab0airstrhqgqvm5gqa"},"timestamp":1778148801003}
{"sessionId":"717d92","runId":"run_1778148746854","hypothesisId":"H1","location":"Auth.php:handleLogin:userFetch","message":"User fetched from DB","data":{"email":"beejab919@gmail.com","userFound":true,"userProvider":"email"},"timestamp":1778148801032}
{"sessionId":"717d92","runId":"run_1778148746854","hypothesisId":"H1","location":"Auth.php:handleLogin:staffAdminCheck","message":"Staff/Admin CHECK PASSED","data":{"email":"beejab919@gmail.com","role":"staff","userFound":true},"timestamp":1778148801032}
{"sessionId":"717d92","runId":"run_1778148746854","hypothesisId":"H1","location":"Auth.php:handleLogin:password","message":"Password verification result","data":{"passwordMatch":true},"timestamp":1778148801419}
{"sessionId":"717d92","runId":"run_1778148746854","hypothesisId":"H1","location":"Auth.php:handleLogin:staffAdmin","message":"Staff/Admin login \u2014 bypassing OTP","data":{"userId":47,"role":"staff"},"timestamp":1778148801420}
{"sessionId":"717d92","runId":"run_1778148826709","hypothesisId":"H6","location":"Auth.php:input","message":"Raw input received","data":{"action":"check_session","email":"","emailLength":0,"emailBytes":""},"timestamp":1778148826725}
{"sessionId":"717d92","runId":"run_1778148826709","hypothesisId":"H6","location":"Auth.php:route","message":"Incoming auth action","data":{"action":"check_session","sessionId":"bvk1q6trut7mishvuhgag0rol5","method":"POST"},"timestamp":1778148826726}
{"sessionId":"717d92","runId":"run_1778148826709","hypothesisId":"H6","location":"Auth.php:handleCheckSession:start","message":"Checking current session","data":{"hasUserSession":true,"hasRememberToken":false},"timestamp":1778148826727}
{"sessionId":"717d92","runId":"run_1778148826709","hypothesisId":"H6","location":"Auth.php:handleCheckSession:active","message":"Active session found","data":{"userId":47},"timestamp":1778148826728}
{"sessionId":"717d92","runId":"unknown","hypothesisId":"H6","location":"Auth.php:input","message":"Raw input received","data":{"action":"check_session","email":"","emailLength":0,"emailBytes":""},"timestamp":1778148829156}
{"sessionId":"717d92","runId":"unknown","hypothesisId":"H6","location":"Auth.php:route","message":"Incoming auth action","data":{"action":"check_session","sessionId":"bvk1q6trut7mishvuhgag0rol5","method":"POST"},"timestamp":1778148829156}
{"sessionId":"717d92","runId":"unknown","hypothesisId":"H6","location":"Auth.php:handleCheckSession:start","message":"Checking current session","data":{"hasUserSession":true,"hasRememberToken":false},"timestamp":1778148829157}
{"sessionId":"717d92","runId":"unknown","hypothesisId":"H6","location":"Auth.php:handleCheckSession:active","message":"Active session found","data":{"userId":47},"timestamp":1778148829157}
{"sessionId":"717d92","runId":"run_1778148850067","hypothesisId":"H6","location":"Auth.php:input","message":"Raw input received","data":{"action":"check_session","email":"","emailLength":0,"emailBytes":""},"timestamp":1778148850096}
{"sessionId":"717d92","runId":"run_1778148850067","hypothesisId":"H6","location":"Auth.php:route","message":"Incoming auth action","data":{"action":"check_session","sessionId":"bvk1q6trut7mishvuhgag0rol5","method":"POST"},"timestamp":1778148850097}
{"sessionId":"717d92","runId":"run_1778148850067","hypothesisId":"H6","location":"Auth.php:handleCheckSession:start","message":"Checking current session","data":{"hasUserSession":true,"hasRememberToken":false},"timestamp":1778148850099}
{"sessionId":"717d92","runId":"run_1778148850067","hypothesisId":"H6","location":"Auth.php:handleCheckSession:active","message":"Active session found","data":{"userId":47},"timestamp":1778148850100}
{"sessionId":"717d92","runId":"unknown","hypothesisId":"H6","location":"Auth.php:input","message":"Raw input received","data":{"action":"check_session","email":"","emailLength":0,"emailBytes":""},"timestamp":1778148852555}
{"sessionId":"717d92","runId":"unknown","hypothesisId":"H6","location":"Auth.php:route","message":"Incoming auth action","data":{"action":"check_session","sessionId":"bvk1q6trut7mishvuhgag0rol5","method":"POST"},"timestamp":1778148852556}
{"sessionId":"717d92","runId":"unknown","hypothesisId":"H6","location":"Auth.php:handleCheckSession:start","message":"Checking current session","data":{"hasUserSession":true,"hasRememberToken":false},"timestamp":1778148852557}
{"sessionId":"717d92","runId":"unknown","hypothesisId":"H6","location":"Auth.php:handleCheckSession:active","message":"Active session found","data":{"userId":47},"timestamp":1778148852557}
{"sessionId":"717d92","runId":"unknown","hypothesisId":"H6","location":"Auth.php:input","message":"Raw input received","data":{"action":"check_session","email":"","emailLength":0,"emailBytes":""},"timestamp":1778149188704}
{"sessionId":"717d92","runId":"unknown","hypothesisId":"H6","location":"Auth.php:route","message":"Incoming auth action","data":{"action":"check_session","sessionId":"bvk1q6trut7mishvuhgag0rol5","method":"POST"},"timestamp":1778149188707}
{"sessionId":"717d92","runId":"unknown","hypothesisId":"H6","location":"Auth.php:handleCheckSession:start","message":"Checking current session","data":{"hasUserSession":true,"hasRememberToken":false},"timestamp":1778149188708}
{"sessionId":"717d92","runId":"unknown","hypothesisId":"H6","location":"Auth.php:handleCheckSession:active","message":"Active session found","data":{"userId":47},"timestamp":1778149188709}
{"sessionId":"717d92","runId":"run_1778149202543","hypothesisId":"H6","location":"Auth.php:input","message":"Raw input received","data":{"action":"check_session","email":"","emailLength":0,"emailBytes":""},"timestamp":1778149202567}
{"sessionId":"717d92","runId":"run_1778149202543","hypothesisId":"H6","location":"Auth.php:route","message":"Incoming auth action","data":{"action":"check_session","sessionId":"bvk1q6trut7mishvuhgag0rol5","method":"POST"},"timestamp":1778149202568}
{"sessionId":"717d92","runId":"run_1778149202543","hypothesisId":"H6","location":"Auth.php:handleCheckSession:start","message":"Checking current session","data":{"hasUserSession":true,"hasRememberToken":false},"timestamp":1778149202569}
{"sessionId":"717d92","runId":"run_1778149202543","hypothesisId":"H6","location":"Auth.php:handleCheckSession:active","message":"Active session found","data":{"userId":47},"timestamp":1778149202570}
{"sessionId":"717d92","runId":"unknown","hypothesisId":"H6","location":"Auth.php:input","message":"Raw input received","data":{"action":"check_session","email":"","emailLength":0,"emailBytes":""},"timestamp":1778149205044}
{"sessionId":"717d92","runId":"unknown","hypothesisId":"H6","location":"Auth.php:route","message":"Incoming auth action","data":{"action":"check_session","sessionId":"bvk1q6trut7mishvuhgag0rol5","method":"POST"},"timestamp":1778149205045}
{"sessionId":"717d92","runId":"unknown","hypothesisId":"H6","location":"Auth.php:handleCheckSession:start","message":"Checking current session","data":{"hasUserSession":true,"hasRememberToken":false},"timestamp":1778149205046}
{"sessionId":"717d92","runId":"unknown","hypothesisId":"H6","location":"Auth.php:handleCheckSession:active","message":"Active session found","data":{"userId":47},"timestamp":1778149205046}
{"sessionId":"717d92","runId":"unknown","hypothesisId":"H6","location":"Auth.php:input","message":"Raw input received","data":{"action":"check_session","email":"","emailLength":0,"emailBytes":""},"timestamp":1778149324099}
{"sessionId":"717d92","runId":"unknown","hypothesisId":"H6","location":"Auth.php:route","message":"Incoming auth action","data":{"action":"check_session","sessionId":"bvk1q6trut7mishvuhgag0rol5","method":"POST"},"timestamp":1778149324120}
{"sessionId":"717d92","runId":"unknown","hypothesisId":"H6","location":"Auth.php:handleCheckSession:start","message":"Checking current session","data":{"hasUserSession":true,"hasRememberToken":false},"timestamp":1778149324121}
{"sessionId":"717d92","runId":"unknown","hypothesisId":"H6","location":"Auth.php:handleCheckSession:active","message":"Active session found","data":{"userId":47},"timestamp":1778149324122}
{"sessionId":"717d92","runId":"run_1778149336769","hypothesisId":"H6","location":"Auth.php:input","message":"Raw input received","data":{"action":"check_session","email":"","emailLength":0,"emailBytes":""},"timestamp":1778149336808}
{"sessionId":"717d92","runId":"run_1778149336769","hypothesisId":"H6","location":"Auth.php:route","message":"Incoming auth action","data":{"action":"check_session","sessionId":"bvk1q6trut7mishvuhgag0rol5","method":"POST"},"timestamp":1778149336808}
{"sessionId":"717d92","runId":"run_1778149336769","hypothesisId":"H6","location":"Auth.php:handleCheckSession:start","message":"Checking current session","data":{"hasUserSession":true,"hasRememberToken":false},"timestamp":1778149336809}
{"sessionId":"717d92","runId":"run_1778149336769","hypothesisId":"H6","location":"Auth.php:handleCheckSession:active","message":"Active session found","data":{"userId":47},"timestamp":1778149336810}
{"sessionId":"717d92","runId":"unknown","hypothesisId":"H6","location":"Auth.php:input","message":"Raw input received","data":{"action":"check_session","email":"","emailLength":0,"emailBytes":""},"timestamp":1778149339457}
{"sessionId":"717d92","runId":"unknown","hypothesisId":"H6","location":"Auth.php:route","message":"Incoming auth action","data":{"action":"check_session","sessionId":"bvk1q6trut7mishvuhgag0rol5","method":"POST"},"timestamp":1778149339458}
{"sessionId":"717d92","runId":"unknown","hypothesisId":"H6","location":"Auth.php:handleCheckSession:start","message":"Checking current session","data":{"hasUserSession":true,"hasRememberToken":false},"timestamp":1778149339459}
{"sessionId":"717d92","runId":"unknown","hypothesisId":"H6","location":"Auth.php:handleCheckSession:active","message":"Active session found","data":{"userId":47},"timestamp":1778149339460}
{"sessionId":"717d92","runId":"unknown","hypothesisId":"H6","location":"Auth.php:input","message":"Raw input received","data":{"action":"check_session","email":"","emailLength":0,"emailBytes":""},"timestamp":1778149418687}
{"sessionId":"717d92","runId":"unknown","hypothesisId":"H6","location":"Auth.php:route","message":"Incoming auth action","data":{"action":"check_session","sessionId":"bvk1q6trut7mishvuhgag0rol5","method":"POST"},"timestamp":1778149418690}
{"sessionId":"717d92","runId":"unknown","hypothesisId":"H6","location":"Auth.php:handleCheckSession:start","message":"Checking current session","data":{"hasUserSession":true,"hasRememberToken":false},"timestamp":1778149418691}
{"sessionId":"717d92","runId":"unknown","hypothesisId":"H6","location":"Auth.php:handleCheckSession:active","message":"Active session found","data":{"userId":47},"timestamp":1778149418692}
{"sessionId":"717d92","runId":"run_1778149716954","hypothesisId":"H6","location":"Auth.php:input","message":"Raw input received","data":{"action":"check_session","email":"","emailLength":0,"emailBytes":""},"timestamp":1778149717003}
{"sessionId":"717d92","runId":"run_1778149716954","hypothesisId":"H6","location":"Auth.php:route","message":"Incoming auth action","data":{"action":"check_session","sessionId":"bvk1q6trut7mishvuhgag0rol5","method":"POST"},"timestamp":1778149717006}
{"sessionId":"717d92","runId":"run_1778149716954","hypothesisId":"H6","location":"Auth.php:handleCheckSession:start","message":"Checking current session","data":{"hasUserSession":true,"hasRememberToken":false},"timestamp":1778149717008}
{"sessionId":"717d92","runId":"run_1778149716954","hypothesisId":"H6","location":"Auth.php:handleCheckSession:active","message":"Active session found","data":{"userId":47},"timestamp":1778149717008}
{"sessionId":"717d92","runId":"unknown","hypothesisId":"H6","location":"Auth.php:input","message":"Raw input received","data":{"action":"check_session","email":"","emailLength":0,"emailBytes":""},"timestamp":1778149719522}
{"sessionId":"717d92","runId":"unknown","hypothesisId":"H6","location":"Auth.php:route","message":"Incoming auth action","data":{"action":"check_session","sessionId":"bvk1q6trut7mishvuhgag0rol5","method":"POST"},"timestamp":1778149719523}
{"sessionId":"717d92","runId":"unknown","hypothesisId":"H6","location":"Auth.php:handleCheckSession:start","message":"Checking current session","data":{"hasUserSession":true,"hasRememberToken":false},"timestamp":1778149719524}
{"sessionId":"717d92","runId":"unknown","hypothesisId":"H6","location":"Auth.php:handleCheckSession:active","message":"Active session found","data":{"userId":47},"timestamp":1778149719524}
{"sessionId":"717d92","runId":"unknown","hypothesisId":"H6","location":"Auth.php:input","message":"Raw input received","data":{"action":"check_session","email":"","emailLength":0,"emailBytes":""},"timestamp":1778149973294}
{"sessionId":"717d92","runId":"unknown","hypothesisId":"H6","location":"Auth.php:route","message":"Incoming auth action","data":{"action":"check_session","sessionId":"bvk1q6trut7mishvuhgag0rol5","method":"POST"},"timestamp":1778149973299}
{"sessionId":"717d92","runId":"unknown","hypothesisId":"H6","location":"Auth.php:handleCheckSession:start","message":"Checking current session","data":{"hasUserSession":true,"hasRememberToken":false},"timestamp":1778149973300}
{"sessionId":"717d92","runId":"unknown","hypothesisId":"H6","location":"Auth.php:handleCheckSession:active","message":"Active session found","data":{"userId":47},"timestamp":1778149973301}
{"sessionId":"717d92","runId":"run_1778149997424","hypothesisId":"H6","location":"Auth.php:input","message":"Raw input received","data":{"action":"check_session","email":"","emailLength":0,"emailBytes":""},"timestamp":1778149997457}
{"sessionId":"717d92","runId":"run_1778149997424","hypothesisId":"H6","location":"Auth.php:route","message":"Incoming auth action","data":{"action":"check_session","sessionId":"bvk1q6trut7mishvuhgag0rol5","method":"POST"},"timestamp":1778149997459}
{"sessionId":"717d92","runId":"run_1778149997424","hypothesisId":"H6","location":"Auth.php:handleCheckSession:start","message":"Checking current session","data":{"hasUserSession":true,"hasRememberToken":false},"timestamp":1778149997460}
{"sessionId":"717d92","runId":"run_1778149997424","hypothesisId":"H6","location":"Auth.php:handleCheckSession:active","message":"Active session found","data":{"userId":47},"timestamp":1778149997460}
{"sessionId":"717d92","runId":"unknown","hypothesisId":"H6","location":"Auth.php:input","message":"Raw input received","data":{"action":"check_session","email":"","emailLength":0,"emailBytes":""},"timestamp":1778149999890}
{"sessionId":"717d92","runId":"unknown","hypothesisId":"H6","location":"Auth.php:route","message":"Incoming auth action","data":{"action":"check_session","sessionId":"bvk1q6trut7mishvuhgag0rol5","method":"POST"},"timestamp":1778149999891}
{"sessionId":"717d92","runId":"unknown","hypothesisId":"H6","location":"Auth.php:handleCheckSession:start","message":"Checking current session","data":{"hasUserSession":true,"hasRememberToken":false},"timestamp":1778149999892}
{"sessionId":"717d92","runId":"unknown","hypothesisId":"H6","location":"Auth.php:handleCheckSession:active","message":"Active session found","data":{"userId":47},"timestamp":1778149999892}
{"sessionId":"717d92","runId":"unknown","hypothesisId":"H6","location":"Auth.php:input","message":"Raw input received","data":{"action":"check_session","email":"","emailLength":0,"emailBytes":""},"timestamp":1778151693165}
{"sessionId":"717d92","runId":"unknown","hypothesisId":"H6","location":"Auth.php:route","message":"Incoming auth action","data":{"action":"check_session","sessionId":"bvk1q6trut7mishvuhgag0rol5","method":"POST"},"timestamp":1778151693169}
{"sessionId":"717d92","runId":"unknown","hypothesisId":"H6","location":"Auth.php:handleCheckSession:start","message":"Checking current session","data":{"hasUserSession":true,"hasRememberToken":false},"timestamp":1778151693170}
{"sessionId":"717d92","runId":"unknown","hypothesisId":"H6","location":"Auth.php:handleCheckSession:active","message":"Active session found","data":{"userId":47},"timestamp":1778151693171}
{"sessionId":"717d92","runId":"run_1778151716442","hypothesisId":"H6","location":"Auth.php:input","message":"Raw input received","data":{"action":"check_session","email":"","emailLength":0,"emailBytes":""},"timestamp":1778151716485}
{"sessionId":"717d92","runId":"run_1778151716442","hypothesisId":"H6","location":"Auth.php:route","message":"Incoming auth action","data":{"action":"check_session","sessionId":"bvk1q6trut7mishvuhgag0rol5","method":"POST"},"timestamp":1778151716489}
{"sessionId":"717d92","runId":"run_1778151716442","hypothesisId":"H6","location":"Auth.php:handleCheckSession:start","message":"Checking current session","data":{"hasUserSession":true,"hasRememberToken":false},"timestamp":1778151716490}
{"sessionId":"717d92","runId":"run_1778151716442","hypothesisId":"H6","location":"Auth.php:handleCheckSession:active","message":"Active session found","data":{"userId":47},"timestamp":1778151716491}
{"sessionId":"717d92","runId":"unknown","hypothesisId":"H6","location":"Auth.php:input","message":"Raw input received","data":{"action":"check_session","email":"","emailLength":0,"emailBytes":""},"timestamp":1778151718947}
{"sessionId":"717d92","runId":"unknown","hypothesisId":"H6","location":"Auth.php:route","message":"Incoming auth action","data":{"action":"check_session","sessionId":"bvk1q6trut7mishvuhgag0rol5","method":"POST"},"timestamp":1778151718947}
{"sessionId":"717d92","runId":"unknown","hypothesisId":"H6","location":"Auth.php:handleCheckSession:start","message":"Checking current session","data":{"hasUserSession":true,"hasRememberToken":false},"timestamp":1778151718948}
{"sessionId":"717d92","runId":"unknown","hypothesisId":"H6","location":"Auth.php:handleCheckSession:active","message":"Active session found","data":{"userId":47},"timestamp":1778151718949}
{"sessionId":"717d92","runId":"unknown","hypothesisId":"H6","location":"Auth.php:input","message":"Raw input received","data":{"action":"check_session","email":"","emailLength":0,"emailBytes":""},"timestamp":1778152037686}
{"sessionId":"717d92","runId":"unknown","hypothesisId":"H6","location":"Auth.php:route","message":"Incoming auth action","data":{"action":"check_session","sessionId":"bvk1q6trut7mishvuhgag0rol5","method":"POST"},"timestamp":1778152037689}
{"sessionId":"717d92","runId":"unknown","hypothesisId":"H6","location":"Auth.php:handleCheckSession:start","message":"Checking current session","data":{"hasUserSession":true,"hasRememberToken":false},"timestamp":1778152037690}
{"sessionId":"717d92","runId":"unknown","hypothesisId":"H6","location":"Auth.php:handleCheckSession:active","message":"Active session found","data":{"userId":47},"timestamp":1778152037691}
{"sessionId":"717d92","runId":"run_1778152048621","hypothesisId":"H6","location":"Auth.php:input","message":"Raw input received","data":{"action":"check_session","email":"","emailLength":0,"emailBytes":""},"timestamp":1778152048634}
{"sessionId":"717d92","runId":"run_1778152048621","hypothesisId":"H6","location":"Auth.php:route","message":"Incoming auth action","data":{"action":"check_session","sessionId":"bvk1q6trut7mishvuhgag0rol5","method":"POST"},"timestamp":1778152048635}
{"sessionId":"717d92","runId":"run_1778152048621","hypothesisId":"H6","location":"Auth.php:handleCheckSession:start","message":"Checking current session","data":{"hasUserSession":true,"hasRememberToken":false},"timestamp":1778152048636}
{"sessionId":"717d92","runId":"run_1778152048621","hypothesisId":"H6","location":"Auth.php:handleCheckSession:active","message":"Active session found","data":{"userId":47},"timestamp":1778152048637}
{"sessionId":"717d92","runId":"unknown","hypothesisId":"H6","location":"Auth.php:input","message":"Raw input received","data":{"action":"check_session","email":"","emailLength":0,"emailBytes":""},"timestamp":1778152051092}
{"sessionId":"717d92","runId":"unknown","hypothesisId":"H6","location":"Auth.php:route","message":"Incoming auth action","data":{"action":"check_session","sessionId":"bvk1q6trut7mishvuhgag0rol5","method":"POST"},"timestamp":1778152051092}
{"sessionId":"717d92","runId":"unknown","hypothesisId":"H6","location":"Auth.php:handleCheckSession:start","message":"Checking current session","data":{"hasUserSession":true,"hasRememberToken":false},"timestamp":1778152051093}
{"sessionId":"717d92","runId":"unknown","hypothesisId":"H6","location":"Auth.php:handleCheckSession:active","message":"Active session found","data":{"userId":47},"timestamp":1778152051094}
{"sessionId":"717d92","runId":"unknown","hypothesisId":"H6","location":"Auth.php:input","message":"Raw input received","data":{"action":"check_session","email":"","emailLength":0,"emailBytes":""},"timestamp":1778152056765}
{"sessionId":"717d92","runId":"unknown","hypothesisId":"H6","location":"Auth.php:route","message":"Incoming auth action","data":{"action":"check_session","sessionId":"bvk1q6trut7mishvuhgag0rol5","method":"POST"},"timestamp":1778152056766}
{"sessionId":"717d92","runId":"unknown","hypothesisId":"H6","location":"Auth.php:handleCheckSession:start","message":"Checking current session","data":{"hasUserSession":true,"hasRememberToken":false},"timestamp":1778152056767}
{"sessionId":"717d92","runId":"unknown","hypothesisId":"H6","location":"Auth.php:handleCheckSession:active","message":"Active session found","data":{"userId":47},"timestamp":1778152056767}
{"sessionId":"717d92","runId":"run_1778152073327","hypothesisId":"H6","location":"Auth.php:input","message":"Raw input received","data":{"action":"check_session","email":"","emailLength":0,"emailBytes":""},"timestamp":1778152073339}
{"sessionId":"717d92","runId":"run_1778152073327","hypothesisId":"H6","location":"Auth.php:route","message":"Incoming auth action","data":{"action":"check_session","sessionId":"bvk1q6trut7mishvuhgag0rol5","method":"POST"},"timestamp":1778152073340}
{"sessionId":"717d92","runId":"run_1778152073327","hypothesisId":"H6","location":"Auth.php:handleCheckSession:start","message":"Checking current session","data":{"hasUserSession":true,"hasRememberToken":false},"timestamp":1778152073341}
{"sessionId":"717d92","runId":"run_1778152073327","hypothesisId":"H6","location":"Auth.php:handleCheckSession:active","message":"Active session found","data":{"userId":47},"timestamp":1778152073342}
{"sessionId":"717d92","runId":"unknown","hypothesisId":"H6","location":"Auth.php:input","message":"Raw input received","data":{"action":"check_session","email":"","emailLength":0,"emailBytes":""},"timestamp":1778152075752}
{"sessionId":"717d92","runId":"unknown","hypothesisId":"H6","location":"Auth.php:route","message":"Incoming auth action","data":{"action":"check_session","sessionId":"bvk1q6trut7mishvuhgag0rol5","method":"POST"},"timestamp":1778152075753}
{"sessionId":"717d92","runId":"unknown","hypothesisId":"H6","location":"Auth.php:handleCheckSession:start","message":"Checking current session","data":{"hasUserSession":true,"hasRememberToken":false},"timestamp":1778152075754}
{"sessionId":"717d92","runId":"unknown","hypothesisId":"H6","location":"Auth.php:handleCheckSession:active","message":"Active session found","data":{"userId":47},"timestamp":1778152075755}
{"sessionId":"717d92","runId":"unknown","hypothesisId":"H6","location":"Auth.php:input","message":"Raw input received","data":{"action":"check_session","email":"","emailLength":0,"emailBytes":""},"timestamp":1778152284156}
{"sessionId":"717d92","runId":"unknown","hypothesisId":"H6","location":"Auth.php:route","message":"Incoming auth action","data":{"action":"check_session","sessionId":"bvk1q6trut7mishvuhgag0rol5","method":"POST"},"timestamp":1778152284158}
{"sessionId":"717d92","runId":"unknown","hypothesisId":"H6","location":"Auth.php:handleCheckSession:start","message":"Checking current session","data":{"hasUserSession":true,"hasRememberToken":false},"timestamp":1778152284160}
{"sessionId":"717d92","runId":"unknown","hypothesisId":"H6","location":"Auth.php:handleCheckSession:active","message":"Active session found","data":{"userId":47},"timestamp":1778152284160}
{"sessionId":"717d92","runId":"unknown","hypothesisId":"H6","location":"Auth.php:input","message":"Raw input received","data":{"action":"check_session","email":"","emailLength":0,"emailBytes":""},"timestamp":1778152288745}
{"sessionId":"717d92","runId":"unknown","hypothesisId":"H6","location":"Auth.php:route","message":"Incoming auth action","data":{"action":"check_session","sessionId":"bvk1q6trut7mishvuhgag0rol5","method":"POST"},"timestamp":1778152288745}
{"sessionId":"717d92","runId":"unknown","hypothesisId":"H6","location":"Auth.php:handleCheckSession:start","message":"Checking current session","data":{"hasUserSession":true,"hasRememberToken":false},"timestamp":1778152288746}
{"sessionId":"717d92","runId":"unknown","hypothesisId":"H6","location":"Auth.php:handleCheckSession:active","message":"Active session found","data":{"userId":47},"timestamp":1778152288747}
{"sessionId":"717d92","runId":"run_1778152298432","hypothesisId":"H6","location":"Auth.php:input","message":"Raw input received","data":{"action":"check_session","email":"","emailLength":0,"emailBytes":""},"timestamp":1778152298452}
{"sessionId":"717d92","runId":"run_1778152298432","hypothesisId":"H6","location":"Auth.php:route","message":"Incoming auth action","data":{"action":"check_session","sessionId":"bvk1q6trut7mishvuhgag0rol5","method":"POST"},"timestamp":1778152298454}
{"sessionId":"717d92","runId":"run_1778152298432","hypothesisId":"H6","location":"Auth.php:handleCheckSession:start","message":"Checking current session","data":{"hasUserSession":true,"hasRememberToken":false},"timestamp":1778152298454}
{"sessionId":"717d92","runId":"run_1778152298432","hypothesisId":"H6","location":"Auth.php:handleCheckSession:active","message":"Active session found","data":{"userId":47},"timestamp":1778152298455}
{"sessionId":"717d92","runId":"unknown","hypothesisId":"H6","location":"Auth.php:input","message":"Raw input received","data":{"action":"check_session","email":"","emailLength":0,"emailBytes":""},"timestamp":1778152300926}
{"sessionId":"717d92","runId":"unknown","hypothesisId":"H6","location":"Auth.php:route","message":"Incoming auth action","data":{"action":"check_session","sessionId":"bvk1q6trut7mishvuhgag0rol5","method":"POST"},"timestamp":1778152300929}
{"sessionId":"717d92","runId":"unknown","hypothesisId":"H6","location":"Auth.php:handleCheckSession:start","message":"Checking current session","data":{"hasUserSession":true,"hasRememberToken":false},"timestamp":1778152300930}
{"sessionId":"717d92","runId":"unknown","hypothesisId":"H6","location":"Auth.php:handleCheckSession:active","message":"Active session found","data":{"userId":47},"timestamp":1778152300931}
{"sessionId":"717d92","runId":"unknown","hypothesisId":"H6","location":"Auth.php:input","message":"Raw input received","data":{"action":"check_session","email":"","emailLength":0,"emailBytes":""},"timestamp":1778152621320}
{"sessionId":"717d92","runId":"unknown","hypothesisId":"H6","location":"Auth.php:route","message":"Incoming auth action","data":{"action":"check_session","sessionId":"bvk1q6trut7mishvuhgag0rol5","method":"POST"},"timestamp":1778152621323}
{"sessionId":"717d92","runId":"unknown","hypothesisId":"H6","location":"Auth.php:handleCheckSession:start","message":"Checking current session","data":{"hasUserSession":true,"hasRememberToken":false},"timestamp":1778152621324}
{"sessionId":"717d92","runId":"unknown","hypothesisId":"H6","location":"Auth.php:handleCheckSession:active","message":"Active session found","data":{"userId":47},"timestamp":1778152621325}
{"sessionId":"717d92","runId":"run_1778152632410","hypothesisId":"H6","location":"Auth.php:input","message":"Raw input received","data":{"action":"check_session","email":"","emailLength":0,"emailBytes":""},"timestamp":1778152632440}
{"sessionId":"717d92","runId":"run_1778152632410","hypothesisId":"H6","location":"Auth.php:route","message":"Incoming auth action","data":{"action":"check_session","sessionId":"bvk1q6trut7mishvuhgag0rol5","method":"POST"},"timestamp":1778152632441}
{"sessionId":"717d92","runId":"run_1778152632410","hypothesisId":"H6","location":"Auth.php:handleCheckSession:start","message":"Checking current session","data":{"hasUserSession":true,"hasRememberToken":false},"timestamp":1778152632442}
{"sessionId":"717d92","runId":"run_1778152632410","hypothesisId":"H6","location":"Auth.php:handleCheckSession:active","message":"Active session found","data":{"userId":47},"timestamp":1778152632443}
{"sessionId":"717d92","runId":"unknown","hypothesisId":"H6","location":"Auth.php:input","message":"Raw input received","data":{"action":"check_session","email":"","emailLength":0,"emailBytes":""},"timestamp":1778152634871}
{"sessionId":"717d92","runId":"unknown","hypothesisId":"H6","location":"Auth.php:route","message":"Incoming auth action","data":{"action":"check_session","sessionId":"bvk1q6trut7mishvuhgag0rol5","method":"POST"},"timestamp":1778152634872}
{"sessionId":"717d92","runId":"unknown","hypothesisId":"H6","location":"Auth.php:handleCheckSession:start","message":"Checking current session","data":{"hasUserSession":true,"hasRememberToken":false},"timestamp":1778152634873}
{"sessionId":"717d92","runId":"unknown","hypothesisId":"H6","location":"Auth.php:handleCheckSession:active","message":"Active session found","data":{"userId":47},"timestamp":1778152634873}
{"sessionId":"717d92","runId":"unknown","hypothesisId":"H6","location":"Auth.php:input","message":"Raw input received","data":{"action":"check_session","email":"","emailLength":0,"emailBytes":""},"timestamp":1778154166731}
{"sessionId":"717d92","runId":"unknown","hypothesisId":"H6","location":"Auth.php:route","message":"Incoming auth action","data":{"action":"check_session","sessionId":"bvk1q6trut7mishvuhgag0rol5","method":"POST"},"timestamp":1778154166736}
{"sessionId":"717d92","runId":"unknown","hypothesisId":"H6","location":"Auth.php:handleCheckSession:start","message":"Checking current session","data":{"hasUserSession":true,"hasRememberToken":false},"timestamp":1778154166736}
{"sessionId":"717d92","runId":"unknown","hypothesisId":"H6","location":"Auth.php:handleCheckSession:active","message":"Active session found","data":{"userId":47},"timestamp":1778154166737}
{"sessionId":"717d92","runId":"run_1778154181442","hypothesisId":"H6","location":"Auth.php:input","message":"Raw input received","data":{"action":"check_session","email":"","emailLength":0,"emailBytes":""},"timestamp":1778154181464}
{"sessionId":"717d92","runId":"run_1778154181442","hypothesisId":"H6","location":"Auth.php:route","message":"Incoming auth action","data":{"action":"check_session","sessionId":"bvk1q6trut7mishvuhgag0rol5","method":"POST"},"timestamp":1778154181465}
{"sessionId":"717d92","runId":"run_1778154181442","hypothesisId":"H6","location":"Auth.php:handleCheckSession:start","message":"Checking current session","data":{"hasUserSession":true,"hasRememberToken":false},"timestamp":1778154181466}
{"sessionId":"717d92","runId":"run_1778154181442","hypothesisId":"H6","location":"Auth.php:handleCheckSession:active","message":"Active session found","data":{"userId":47},"timestamp":1778154181467}
{"sessionId":"717d92","runId":"unknown","hypothesisId":"H6","location":"Auth.php:input","message":"Raw input received","data":{"action":"check_session","email":"","emailLength":0,"emailBytes":""},"timestamp":1778154183872}
{"sessionId":"717d92","runId":"unknown","hypothesisId":"H6","location":"Auth.php:route","message":"Incoming auth action","data":{"action":"check_session","sessionId":"bvk1q6trut7mishvuhgag0rol5","method":"POST"},"timestamp":1778154183873}
{"sessionId":"717d92","runId":"unknown","hypothesisId":"H6","location":"Auth.php:handleCheckSession:start","message":"Checking current session","data":{"hasUserSession":true,"hasRememberToken":false},"timestamp":1778154183875}
{"sessionId":"717d92","runId":"unknown","hypothesisId":"H6","location":"Auth.php:handleCheckSession:active","message":"Active session found","data":{"userId":47},"timestamp":1778154183875}
{"sessionId":"717d92","runId":"run_1778154235876","hypothesisId":"H6","location":"Auth.php:input","message":"Raw input received","data":{"action":"check_session","email":"","emailLength":0,"emailBytes":""},"timestamp":1778154236023}
{"sessionId":"717d92","runId":"run_1778154235876","hypothesisId":"H6","location":"Auth.php:route","message":"Incoming auth action","data":{"action":"check_session","sessionId":"bvk1q6trut7mishvuhgag0rol5","method":"POST"},"timestamp":1778154236028}
{"sessionId":"717d92","runId":"run_1778154235876","hypothesisId":"H6","location":"Auth.php:handleCheckSession:start","message":"Checking current session","data":{"hasUserSession":true,"hasRememberToken":false},"timestamp":1778154236030}
{"sessionId":"717d92","runId":"run_1778154235876","hypothesisId":"H6","location":"Auth.php:handleCheckSession:active","message":"Active session found","data":{"userId":47},"timestamp":1778154236031}
{"sessionId":"717d92","runId":"unknown","hypothesisId":"H6","location":"Auth.php:input","message":"Raw input received","data":{"action":"check_session","email":"","emailLength":0,"emailBytes":""},"timestamp":1778154238511}
{"sessionId":"717d92","runId":"unknown","hypothesisId":"H6","location":"Auth.php:route","message":"Incoming auth action","data":{"action":"check_session","sessionId":"bvk1q6trut7mishvuhgag0rol5","method":"POST"},"timestamp":1778154238512}
{"sessionId":"717d92","runId":"unknown","hypothesisId":"H6","location":"Auth.php:handleCheckSession:start","message":"Checking current session","data":{"hasUserSession":true,"hasRememberToken":false},"timestamp":1778154238512}
{"sessionId":"717d92","runId":"unknown","hypothesisId":"H6","location":"Auth.php:handleCheckSession:active","message":"Active session found","data":{"userId":47},"timestamp":1778154238512}
{"sessionId":"717d92","runId":"unknown","hypothesisId":"H6","location":"Auth.php:input","message":"Raw input received","data":{"action":"check_session","email":"","emailLength":0,"emailBytes":""},"timestamp":1778154252395}
{"sessionId":"717d92","runId":"unknown","hypothesisId":"H6","location":"Auth.php:route","message":"Incoming auth action","data":{"action":"check_session","sessionId":"bvk1q6trut7mishvuhgag0rol5","method":"POST"},"timestamp":1778154252396}
{"sessionId":"717d92","runId":"unknown","hypothesisId":"H6","location":"Auth.php:handleCheckSession:start","message":"Checking current session","data":{"hasUserSession":true,"hasRememberToken":false},"timestamp":1778154252398}
{"sessionId":"717d92","runId":"unknown","hypothesisId":"H6","location":"Auth.php:handleCheckSession:active","message":"Active session found","data":{"userId":47},"timestamp":1778154252399}
{"sessionId":"717d92","runId":"unknown","hypothesisId":"H6","location":"Auth.php:input","message":"Raw input received","data":{"action":"check_session","email":"","emailLength":0,"emailBytes":""},"timestamp":1778154267424}
{"sessionId":"717d92","runId":"unknown","hypothesisId":"H6","location":"Auth.php:route","message":"Incoming auth action","data":{"action":"check_session","sessionId":"bvk1q6trut7mishvuhgag0rol5","method":"POST"},"timestamp":1778154267424}
{"sessionId":"717d92","runId":"unknown","hypothesisId":"H6","location":"Auth.php:handleCheckSession:start","message":"Checking current session","data":{"hasUserSession":true,"hasRememberToken":false},"timestamp":1778154267426}
{"sessionId":"717d92","runId":"unknown","hypothesisId":"H6","location":"Auth.php:handleCheckSession:active","message":"Active session found","data":{"userId":47},"timestamp":1778154267427}
{"sessionId":"717d92","runId":"unknown","hypothesisId":"H6","location":"Auth.php:input","message":"Raw input received","data":{"action":"check_session","email":"","emailLength":0,"emailBytes":""},"timestamp":1778154283255}
{"sessionId":"717d92","runId":"unknown","hypothesisId":"H6","location":"Auth.php:route","message":"Incoming auth action","data":{"action":"check_session","sessionId":"bvk1q6trut7mishvuhgag0rol5","method":"POST"},"timestamp":1778154283256}
{"sessionId":"717d92","runId":"unknown","hypothesisId":"H6","location":"Auth.php:handleCheckSession:start","message":"Checking current session","data":{"hasUserSession":true,"hasRememberToken":false},"timestamp":1778154283257}
{"sessionId":"717d92","runId":"unknown","hypothesisId":"H6","location":"Auth.php:handleCheckSession:active","message":"Active session found","data":{"userId":47},"timestamp":1778154283257}
{"sessionId":"717d92","runId":"run_1778219207484","hypothesisId":"H6","location":"Auth.php:input","message":"Raw input received","data":{"action":"check_session","email":"","emailLength":0,"emailBytes":""},"timestamp":1778219207513}
{"sessionId":"717d92","runId":"run_1778219207484","hypothesisId":"H6","location":"Auth.php:route","message":"Incoming auth action","data":{"action":"check_session","sessionId":"plt919i0sl0be090omk02aj73c","method":"POST"},"timestamp":1778219207514}
{"sessionId":"717d92","runId":"run_1778219207484","hypothesisId":"H6","location":"Auth.php:handleCheckSession:start","message":"Checking current session","data":{"hasUserSession":false,"hasRememberToken":false},"timestamp":1778219207515}
{"sessionId":"717d92","runId":"run_1778219207484","hypothesisId":"H6","location":"Auth.php:handleCheckSession:none","message":"No active session","data":[],"timestamp":1778219207516}
{"sessionId":"717d92","runId":"run_1778219211458","hypothesisId":"H6","location":"Auth.php:input","message":"Raw input received","data":{"action":"check_session","email":"","emailLength":0,"emailBytes":""},"timestamp":1778219211473}
{"sessionId":"717d92","runId":"run_1778219211458","hypothesisId":"H6","location":"Auth.php:route","message":"Incoming auth action","data":{"action":"check_session","sessionId":"plt919i0sl0be090omk02aj73c","method":"POST"},"timestamp":1778219211474}
{"sessionId":"717d92","runId":"run_1778219211458","hypothesisId":"H6","location":"Auth.php:handleCheckSession:start","message":"Checking current session","data":{"hasUserSession":false,"hasRememberToken":false},"timestamp":1778219211475}
{"sessionId":"717d92","runId":"run_1778219211458","hypothesisId":"H6","location":"Auth.php:handleCheckSession:none","message":"No active session","data":[],"timestamp":1778219211475}
{"sessionId":"717d92","runId":"run_1778219211458","hypothesisId":"H6","location":"Auth.php:input","message":"Raw input received","data":{"action":"facebook_auth","email":"","emailLength":0,"emailBytes":""},"timestamp":1778219235572}
{"sessionId":"717d92","runId":"run_1778219211458","hypothesisId":"H6","location":"Auth.php:route","message":"Incoming auth action","data":{"action":"facebook_auth","sessionId":"4osv50lqhquhl6auqfal77m60i","method":"POST"},"timestamp":1778219235572}
{"sessionId":"717d92","runId":"run_1778219211458","hypothesisId":"H12","location":"Auth.php:handleFacebookAuth:config","message":"Facebook auth config loaded","data":{"hasAppId":true,"hasAppSecret":true},"timestamp":1778219235573}
{"sessionId":"717d92","runId":"run_1778219236501","hypothesisId":"H6","location":"Auth.php:input","message":"Raw input received","data":{"action":"check_session","email":"","emailLength":0,"emailBytes":""},"timestamp":1778219236520}
{"sessionId":"717d92","runId":"run_1778219236501","hypothesisId":"H6","location":"Auth.php:route","message":"Incoming auth action","data":{"action":"check_session","sessionId":"4osv50lqhquhl6auqfal77m60i","method":"POST"},"timestamp":1778219236521}
{"sessionId":"717d92","runId":"run_1778219236501","hypothesisId":"H6","location":"Auth.php:handleCheckSession:start","message":"Checking current session","data":{"hasUserSession":false,"hasRememberToken":false},"timestamp":1778219236522}
{"sessionId":"717d92","runId":"run_1778219236501","hypothesisId":"H6","location":"Auth.php:handleCheckSession:none","message":"No active session","data":[],"timestamp":1778219236535}
{"sessionId":"717d92","runId":"run_1778219236501","hypothesisId":"H6","location":"Auth.php:input","message":"Raw input received","data":{"action":"login","email":"admin@gmail.com","emailLength":15,"emailBytes":"61646d696e40676d61696c2e636f6d"},"timestamp":1778219248533}
{"sessionId":"717d92","runId":"run_1778219236501","hypothesisId":"H6","location":"Auth.php:route","message":"Incoming auth action","data":{"action":"login","sessionId":"4osv50lqhquhl6auqfal77m60i","method":"POST"},"timestamp":1778219248534}
{"sessionId":"717d92","runId":"run_1778219236501","hypothesisId":"H1","location":"Auth.php:handleLogin:start","message":"Login request received","data":{"email":"admin@gmail.com","hasPassword":true,"sessionId":"4osv50lqhquhl6auqfal77m60i"},"timestamp":1778219248535}
{"sessionId":"717d92","runId":"run_1778219236501","hypothesisId":"H1","location":"Auth.php:handleLogin:userFetch","message":"User fetched from DB","data":{"email":"admin@gmail.com","userFound":true,"userProvider":"email"},"timestamp":1778219248574}
{"sessionId":"717d92","runId":"run_1778219236501","hypothesisId":"H1","location":"Auth.php:handleLogin:staffAdminCheck","message":"Staff/Admin CHECK PASSED","data":{"email":"admin@gmail.com","role":"admin","userFound":true},"timestamp":1778219248575}
{"sessionId":"717d92","runId":"run_1778219236501","hypothesisId":"H1","location":"Auth.php:handleLogin:password","message":"Password verification result","data":{"passwordMatch":false},"timestamp":1778219248927}
{"sessionId":"717d92","runId":"run_1778219236501","hypothesisId":"H1","location":"Auth.php:handleLogin:wrongPassword","message":"Password did not match","data":[],"timestamp":1778219248927}
{"sessionId":"717d92","runId":"run_1778219236501","hypothesisId":"H6","location":"Auth.php:input","message":"Raw input received","data":{"action":"login","email":"admin@gmail.com","emailLength":15,"emailBytes":"61646d696e40676d61696c2e636f6d"},"timestamp":1778219254479}
{"sessionId":"717d92","runId":"run_1778219236501","hypothesisId":"H6","location":"Auth.php:route","message":"Incoming auth action","data":{"action":"login","sessionId":"4osv50lqhquhl6auqfal77m60i","method":"POST"},"timestamp":1778219254479}
{"sessionId":"717d92","runId":"run_1778219236501","hypothesisId":"H1","location":"Auth.php:handleLogin:start","message":"Login request received","data":{"email":"admin@gmail.com","hasPassword":true,"sessionId":"4osv50lqhquhl6auqfal77m60i"},"timestamp":1778219254480}
{"sessionId":"717d92","runId":"run_1778219236501","hypothesisId":"H1","location":"Auth.php:handleLogin:userFetch","message":"User fetched from DB","data":{"email":"admin@gmail.com","userFound":true,"userProvider":"email"},"timestamp":1778219254510}
{"sessionId":"717d92","runId":"run_1778219236501","hypothesisId":"H1","location":"Auth.php:handleLogin:staffAdminCheck","message":"Staff/Admin CHECK PASSED","data":{"email":"admin@gmail.com","role":"admin","userFound":true},"timestamp":1778219254511}
{"sessionId":"717d92","runId":"run_1778219236501","hypothesisId":"H1","location":"Auth.php:handleLogin:password","message":"Password verification result","data":{"passwordMatch":true},"timestamp":1778219254850}
{"sessionId":"717d92","runId":"run_1778219236501","hypothesisId":"H1","location":"Auth.php:handleLogin:staffAdmin","message":"Staff/Admin login \u2014 bypassing OTP","data":{"userId":25,"role":"admin"},"timestamp":1778219254851}
{"sessionId":"717d92","runId":"run_1778219258922","hypothesisId":"H6","location":"Auth.php:input","message":"Raw input received","data":{"action":"check_session","email":"","emailLength":0,"emailBytes":""},"timestamp":1778219258938}
{"sessionId":"717d92","runId":"run_1778219258922","hypothesisId":"H6","location":"Auth.php:route","message":"Incoming auth action","data":{"action":"check_session","sessionId":"ete32j4uptbtmomjgs7oav08j9","method":"POST"},"timestamp":1778219258938}
{"sessionId":"717d92","runId":"run_1778219258922","hypothesisId":"H6","location":"Auth.php:handleCheckSession:start","message":"Checking current session","data":{"hasUserSession":true,"hasRememberToken":false},"timestamp":1778219258940}
{"sessionId":"717d92","runId":"run_1778219258922","hypothesisId":"H6","location":"Auth.php:handleCheckSession:active","message":"Active session found","data":{"userId":25},"timestamp":1778219258941}
{"sessionId":"717d92","runId":"unknown","hypothesisId":"H6","location":"Auth.php:input","message":"Raw input received","data":{"action":"check_session","email":"","emailLength":0,"emailBytes":""},"timestamp":1778219261354}
{"sessionId":"717d92","runId":"unknown","hypothesisId":"H6","location":"Auth.php:route","message":"Incoming auth action","data":{"action":"check_session","sessionId":"ete32j4uptbtmomjgs7oav08j9","method":"POST"},"timestamp":1778219261355}
{"sessionId":"717d92","runId":"unknown","hypothesisId":"H6","location":"Auth.php:handleCheckSession:start","message":"Checking current session","data":{"hasUserSession":true,"hasRememberToken":false},"timestamp":1778219261355}
{"sessionId":"717d92","runId":"unknown","hypothesisId":"H6","location":"Auth.php:handleCheckSession:active","message":"Active session found","data":{"userId":25},"timestamp":1778219261356}
{"sessionId":"717d92","runId":"unknown","hypothesisId":"H6","location":"Auth.php:input","message":"Raw input received","data":{"action":"logout","email":"","emailLength":0,"emailBytes":""},"timestamp":1778219264027}
{"sessionId":"717d92","runId":"unknown","hypothesisId":"H6","location":"Auth.php:route","message":"Incoming auth action","data":{"action":"logout","sessionId":"ete32j4uptbtmomjgs7oav08j9","method":"POST"},"timestamp":1778219264027}
{"sessionId":"717d92","runId":"run_1778219264072","hypothesisId":"H6","location":"Auth.php:input","message":"Raw input received","data":{"action":"check_session","email":"","emailLength":0,"emailBytes":""},"timestamp":1778219264101}
{"sessionId":"717d92","runId":"run_1778219264072","hypothesisId":"H6","location":"Auth.php:route","message":"Incoming auth action","data":{"action":"check_session","sessionId":"ete32j4uptbtmomjgs7oav08j9","method":"POST"},"timestamp":1778219264102}
{"sessionId":"717d92","runId":"run_1778219264072","hypothesisId":"H6","location":"Auth.php:handleCheckSession:start","message":"Checking current session","data":{"hasUserSession":false,"hasRememberToken":false},"timestamp":1778219264102}
{"sessionId":"717d92","runId":"run_1778219264072","hypothesisId":"H6","location":"Auth.php:handleCheckSession:none","message":"No active session","data":[],"timestamp":1778219264103}
{"sessionId":"717d92","runId":"run_1778219264072","hypothesisId":"H6","location":"Auth.php:input","message":"Raw input received","data":{"action":"login","email":"beejab919@gmail.com","emailLength":19,"emailBytes":"6265656a616239313940676d61696c2e636f6d"},"timestamp":1778219271604}
{"sessionId":"717d92","runId":"run_1778219264072","hypothesisId":"H6","location":"Auth.php:route","message":"Incoming auth action","data":{"action":"login","sessionId":"ete32j4uptbtmomjgs7oav08j9","method":"POST"},"timestamp":1778219271605}
{"sessionId":"717d92","runId":"run_1778219264072","hypothesisId":"H1","location":"Auth.php:handleLogin:start","message":"Login request received","data":{"email":"beejab919@gmail.com","hasPassword":true,"sessionId":"ete32j4uptbtmomjgs7oav08j9"},"timestamp":1778219271605}
{"sessionId":"717d92","runId":"run_1778219264072","hypothesisId":"H1","location":"Auth.php:handleLogin:userFetch","message":"User fetched from DB","data":{"email":"beejab919@gmail.com","userFound":true,"userProvider":"email"},"timestamp":1778219271621}
{"sessionId":"717d92","runId":"run_1778219264072","hypothesisId":"H1","location":"Auth.php:handleLogin:staffAdminCheck","message":"Staff/Admin CHECK PASSED","data":{"email":"beejab919@gmail.com","role":"staff","userFound":true},"timestamp":1778219271623}
{"sessionId":"717d92","runId":"run_1778219264072","hypothesisId":"H1","location":"Auth.php:handleLogin:password","message":"Password verification result","data":{"passwordMatch":false},"timestamp":1778219271966}
{"sessionId":"717d92","runId":"run_1778219264072","hypothesisId":"H1","location":"Auth.php:handleLogin:wrongPassword","message":"Password did not match","data":[],"timestamp":1778219271967}
{"sessionId":"717d92","runId":"run_1778219264072","hypothesisId":"H6","location":"Auth.php:input","message":"Raw input received","data":{"action":"login","email":"beejab919@gmail.com","emailLength":19,"emailBytes":"6265656a616239313940676d61696c2e636f6d"},"timestamp":1778219278152}
{"sessionId":"717d92","runId":"run_1778219264072","hypothesisId":"H6","location":"Auth.php:route","message":"Incoming auth action","data":{"action":"login","sessionId":"ete32j4uptbtmomjgs7oav08j9","method":"POST"},"timestamp":1778219278153}
{"sessionId":"717d92","runId":"run_1778219264072","hypothesisId":"H1","location":"Auth.php:handleLogin:start","message":"Login request received","data":{"email":"beejab919@gmail.com","hasPassword":true,"sessionId":"ete32j4uptbtmomjgs7oav08j9"},"timestamp":1778219278154}
{"sessionId":"717d92","runId":"run_1778219264072","hypothesisId":"H1","location":"Auth.php:handleLogin:userFetch","message":"User fetched from DB","data":{"email":"beejab919@gmail.com","userFound":true,"userProvider":"email"},"timestamp":1778219278170}
{"sessionId":"717d92","runId":"run_1778219264072","hypothesisId":"H1","location":"Auth.php:handleLogin:staffAdminCheck","message":"Staff/Admin CHECK PASSED","data":{"email":"beejab919@gmail.com","role":"staff","userFound":true},"timestamp":1778219278171}
{"sessionId":"717d92","runId":"run_1778219264072","hypothesisId":"H1","location":"Auth.php:handleLogin:password","message":"Password verification result","data":{"passwordMatch":true},"timestamp":1778219278517}
{"sessionId":"717d92","runId":"run_1778219264072","hypothesisId":"H1","location":"Auth.php:handleLogin:staffAdmin","message":"Staff/Admin login \u2014 bypassing OTP","data":{"userId":47,"role":"staff"},"timestamp":1778219278518}
{"sessionId":"717d92","runId":"run_1778219211458","hypothesisId":"H6","location":"Auth.php:input","message":"Raw input received","data":{"action":"facebook_auth","email":"","emailLength":0,"emailBytes":""},"timestamp":1778219292005}
{"sessionId":"717d92","runId":"run_1778219211458","hypothesisId":"H6","location":"Auth.php:route","message":"Incoming auth action","data":{"action":"facebook_auth","sessionId":"6vo8828rtalrulkr35vn4p29rq","method":"POST"},"timestamp":1778219292006}
{"sessionId":"717d92","runId":"run_1778219211458","hypothesisId":"H12","location":"Auth.php:handleFacebookAuth:config","message":"Facebook auth config loaded","data":{"hasAppId":true,"hasAppSecret":true},"timestamp":1778219292006}
{"sessionId":"717d92","runId":"run_1778219292593","hypothesisId":"H6","location":"Auth.php:input","message":"Raw input received","data":{"action":"check_session","email":"","emailLength":0,"emailBytes":""},"timestamp":1778219292607}
{"sessionId":"717d92","runId":"run_1778219292593","hypothesisId":"H6","location":"Auth.php:route","message":"Incoming auth action","data":{"action":"check_session","sessionId":"6vo8828rtalrulkr35vn4p29rq","method":"POST"},"timestamp":1778219292608}
{"sessionId":"717d92","runId":"run_1778219292593","hypothesisId":"H6","location":"Auth.php:handleCheckSession:start","message":"Checking current session","data":{"hasUserSession":true,"hasRememberToken":false},"timestamp":1778219292609}
{"sessionId":"717d92","runId":"run_1778219292593","hypothesisId":"H6","location":"Auth.php:handleCheckSession:active","message":"Active session found","data":{"userId":47},"timestamp":1778219292609}
{"sessionId":"717d92","runId":"unknown","hypothesisId":"H6","location":"Auth.php:input","message":"Raw input received","data":{"action":"check_session","email":"","emailLength":0,"emailBytes":""},"timestamp":1778219295042}
{"sessionId":"717d92","runId":"unknown","hypothesisId":"H6","location":"Auth.php:route","message":"Incoming auth action","data":{"action":"check_session","sessionId":"6vo8828rtalrulkr35vn4p29rq","method":"POST"},"timestamp":1778219295043}
{"sessionId":"717d92","runId":"unknown","hypothesisId":"H6","location":"Auth.php:handleCheckSession:start","message":"Checking current session","data":{"hasUserSession":true,"hasRememberToken":false},"timestamp":1778219295044}
{"sessionId":"717d92","runId":"unknown","hypothesisId":"H6","location":"Auth.php:handleCheckSession:active","message":"Active session found","data":{"userId":47},"timestamp":1778219295045}
{"sessionId":"717d92","runId":"run_1778219345782","hypothesisId":"H6","location":"Auth.php:input","message":"Raw input received","data":{"action":"check_session","email":"","emailLength":0,"emailBytes":""},"timestamp":1778219345806}
{"sessionId":"717d92","runId":"run_1778219345782","hypothesisId":"H6","location":"Auth.php:route","message":"Incoming auth action","data":{"action":"check_session","sessionId":"6vo8828rtalrulkr35vn4p29rq","method":"POST"},"timestamp":1778219345806}
{"sessionId":"717d92","runId":"run_1778219345782","hypothesisId":"H6","location":"Auth.php:handleCheckSession:start","message":"Checking current session","data":{"hasUserSession":true,"hasRememberToken":false},"timestamp":1778219345807}
{"sessionId":"717d92","runId":"run_1778219345782","hypothesisId":"H6","location":"Auth.php:handleCheckSession:active","message":"Active session found","data":{"userId":47},"timestamp":1778219345808}
{"sessionId":"717d92","runId":"unknown","hypothesisId":"H6","location":"Auth.php:input","message":"Raw input received","data":{"action":"check_session","email":"","emailLength":0,"emailBytes":""},"timestamp":1778219348235}
{"sessionId":"717d92","runId":"unknown","hypothesisId":"H6","location":"Auth.php:route","message":"Incoming auth action","data":{"action":"check_session","sessionId":"6vo8828rtalrulkr35vn4p29rq","method":"POST"},"timestamp":1778219348236}
{"sessionId":"717d92","runId":"unknown","hypothesisId":"H6","location":"Auth.php:handleCheckSession:start","message":"Checking current session","data":{"hasUserSession":true,"hasRememberToken":false},"timestamp":1778219348236}
{"sessionId":"717d92","runId":"unknown","hypothesisId":"H6","location":"Auth.php:handleCheckSession:active","message":"Active session found","data":{"userId":47},"timestamp":1778219348237}
{"sessionId":"717d92","runId":"run_1778221569221","hypothesisId":"H6","location":"Auth.php:input","message":"Raw input received","data":{"action":"check_session","email":"","emailLength":0,"emailBytes":""},"timestamp":1778221569277}
{"sessionId":"717d92","runId":"run_1778221569221","hypothesisId":"H6","location":"Auth.php:route","message":"Incoming auth action","data":{"action":"check_session","sessionId":"13bn6tj4avitbkhggdouhc0ru7","method":"POST"},"timestamp":1778221569280}
{"sessionId":"717d92","runId":"run_1778221569221","hypothesisId":"H6","location":"Auth.php:handleCheckSession:start","message":"Checking current session","data":{"hasUserSession":true,"hasRememberToken":false},"timestamp":1778221569281}
{"sessionId":"717d92","runId":"run_1778221569221","hypothesisId":"H6","location":"Auth.php:handleCheckSession:active","message":"Active session found","data":{"userId":47},"timestamp":1778221569282}
{"sessionId":"717d92","runId":"unknown","hypothesisId":"H6","location":"Auth.php:input","message":"Raw input received","data":{"action":"check_session","email":"","emailLength":0,"emailBytes":""},"timestamp":1778221571746}
{"sessionId":"717d92","runId":"unknown","hypothesisId":"H6","location":"Auth.php:route","message":"Incoming auth action","data":{"action":"check_session","sessionId":"13bn6tj4avitbkhggdouhc0ru7","method":"POST"},"timestamp":1778221571747}
{"sessionId":"717d92","runId":"unknown","hypothesisId":"H6","location":"Auth.php:handleCheckSession:start","message":"Checking current session","data":{"hasUserSession":true,"hasRememberToken":false},"timestamp":1778221571748}
{"sessionId":"717d92","runId":"unknown","hypothesisId":"H6","location":"Auth.php:handleCheckSession:active","message":"Active session found","data":{"userId":47},"timestamp":1778221571749}
{"sessionId":"717d92","runId":"run_1778222275257","hypothesisId":"H6","location":"Auth.php:input","message":"Raw input received","data":{"action":"check_session","email":"","emailLength":0,"emailBytes":""},"timestamp":1778222275306}
{"sessionId":"717d92","runId":"run_1778222275257","hypothesisId":"H6","location":"Auth.php:route","message":"Incoming auth action","data":{"action":"check_session","sessionId":"13bn6tj4avitbkhggdouhc0ru7","method":"POST"},"timestamp":1778222275309}
{"sessionId":"717d92","runId":"run_1778222275257","hypothesisId":"H6","location":"Auth.php:handleCheckSession:start","message":"Checking current session","data":{"hasUserSession":true,"hasRememberToken":false},"timestamp":1778222275310}
{"sessionId":"717d92","runId":"run_1778222275257","hypothesisId":"H6","location":"Auth.php:handleCheckSession:active","message":"Active session found","data":{"userId":47},"timestamp":1778222275310}
{"sessionId":"717d92","runId":"unknown","hypothesisId":"H6","location":"Auth.php:input","message":"Raw input received","data":{"action":"check_session","email":"","emailLength":0,"emailBytes":""},"timestamp":1778222277761}
{"sessionId":"717d92","runId":"unknown","hypothesisId":"H6","location":"Auth.php:route","message":"Incoming auth action","data":{"action":"check_session","sessionId":"13bn6tj4avitbkhggdouhc0ru7","method":"POST"},"timestamp":1778222277761}
{"sessionId":"717d92","runId":"unknown","hypothesisId":"H6","location":"Auth.php:handleCheckSession:start","message":"Checking current session","data":{"hasUserSession":true,"hasRememberToken":false},"timestamp":1778222277762}
{"sessionId":"717d92","runId":"unknown","hypothesisId":"H6","location":"Auth.php:handleCheckSession:active","message":"Active session found","data":{"userId":47},"timestamp":1778222277763}
{"sessionId":"717d92","runId":"unknown","hypothesisId":"H6","location":"Auth.php:input","message":"Raw input received","data":{"action":"check_session","email":"","emailLength":0,"emailBytes":""},"timestamp":1778222479925}
{"sessionId":"717d92","runId":"unknown","hypothesisId":"H6","location":"Auth.php:route","message":"Incoming auth action","data":{"action":"check_session","sessionId":"13bn6tj4avitbkhggdouhc0ru7","method":"POST"},"timestamp":1778222479926}
{"sessionId":"717d92","runId":"unknown","hypothesisId":"H6","location":"Auth.php:handleCheckSession:start","message":"Checking current session","data":{"hasUserSession":true,"hasRememberToken":false},"timestamp":1778222479926}
{"sessionId":"717d92","runId":"unknown","hypothesisId":"H6","location":"Auth.php:handleCheckSession:active","message":"Active session found","data":{"userId":47},"timestamp":1778222479927}
{"sessionId":"717d92","runId":"run_1778222485462","hypothesisId":"H6","location":"Auth.php:input","message":"Raw input received","data":{"action":"check_session","email":"","emailLength":0,"emailBytes":""},"timestamp":1778222485476}
{"sessionId":"717d92","runId":"run_1778222485462","hypothesisId":"H6","location":"Auth.php:route","message":"Incoming auth action","data":{"action":"check_session","sessionId":"13bn6tj4avitbkhggdouhc0ru7","method":"POST"},"timestamp":1778222485487}
{"sessionId":"717d92","runId":"run_1778222485462","hypothesisId":"H6","location":"Auth.php:handleCheckSession:start","message":"Checking current session","data":{"hasUserSession":true,"hasRememberToken":false},"timestamp":1778222485495}
{"sessionId":"717d92","runId":"run_1778222485462","hypothesisId":"H6","location":"Auth.php:handleCheckSession:active","message":"Active session found","data":{"userId":47},"timestamp":1778222485496}
{"sessionId":"717d92","runId":"unknown","hypothesisId":"H6","location":"Auth.php:input","message":"Raw input received","data":{"action":"check_session","email":"","emailLength":0,"emailBytes":""},"timestamp":1778222487949}
{"sessionId":"717d92","runId":"unknown","hypothesisId":"H6","location":"Auth.php:route","message":"Incoming auth action","data":{"action":"check_session","sessionId":"13bn6tj4avitbkhggdouhc0ru7","method":"POST"},"timestamp":1778222487950}
{"sessionId":"717d92","runId":"unknown","hypothesisId":"H6","location":"Auth.php:handleCheckSession:start","message":"Checking current session","data":{"hasUserSession":true,"hasRememberToken":false},"timestamp":1778222487985}
{"sessionId":"717d92","runId":"unknown","hypothesisId":"H6","location":"Auth.php:handleCheckSession:active","message":"Active session found","data":{"userId":47},"timestamp":1778222487985}
{"sessionId":"717d92","runId":"unknown","hypothesisId":"H6","location":"Auth.php:input","message":"Raw input received","data":{"action":"check_session","email":"","emailLength":0,"emailBytes":""},"timestamp":1778222500537}
{"sessionId":"717d92","runId":"unknown","hypothesisId":"H6","location":"Auth.php:route","message":"Incoming auth action","data":{"action":"check_session","sessionId":"13bn6tj4avitbkhggdouhc0ru7","method":"POST"},"timestamp":1778222500538}
{"sessionId":"717d92","runId":"unknown","hypothesisId":"H6","location":"Auth.php:handleCheckSession:start","message":"Checking current session","data":{"hasUserSession":true,"hasRememberToken":false},"timestamp":1778222500539}
{"sessionId":"717d92","runId":"unknown","hypothesisId":"H6","location":"Auth.php:handleCheckSession:active","message":"Active session found","data":{"userId":47},"timestamp":1778222500539}
{"sessionId":"717d92","runId":"run_1778223050662","hypothesisId":"H6","location":"Auth.php:input","message":"Raw input received","data":{"action":"check_session","email":"","emailLength":0,"emailBytes":""},"timestamp":1778223050716}
{"sessionId":"717d92","runId":"run_1778223050662","hypothesisId":"H6","location":"Auth.php:route","message":"Incoming auth action","data":{"action":"check_session","sessionId":"13bn6tj4avitbkhggdouhc0ru7","method":"POST"},"timestamp":1778223050722}
{"sessionId":"717d92","runId":"run_1778223050662","hypothesisId":"H6","location":"Auth.php:handleCheckSession:start","message":"Checking current session","data":{"hasUserSession":true,"hasRememberToken":false},"timestamp":1778223050724}
{"sessionId":"717d92","runId":"run_1778223050662","hypothesisId":"H6","location":"Auth.php:handleCheckSession:active","message":"Active session found","data":{"userId":47},"timestamp":1778223050725}
{"sessionId":"717d92","runId":"unknown","hypothesisId":"H6","location":"Auth.php:input","message":"Raw input received","data":{"action":"check_session","email":"","emailLength":0,"emailBytes":""},"timestamp":1778223053377}
{"sessionId":"717d92","runId":"unknown","hypothesisId":"H6","location":"Auth.php:route","message":"Incoming auth action","data":{"action":"check_session","sessionId":"13bn6tj4avitbkhggdouhc0ru7","method":"POST"},"timestamp":1778223053379}
{"sessionId":"717d92","runId":"unknown","hypothesisId":"H6","location":"Auth.php:handleCheckSession:start","message":"Checking current session","data":{"hasUserSession":true,"hasRememberToken":false},"timestamp":1778223053382}
{"sessionId":"717d92","runId":"unknown","hypothesisId":"H6","location":"Auth.php:handleCheckSession:active","message":"Active session found","data":{"userId":47},"timestamp":1778223053383}
{"sessionId":"717d92","runId":"unknown","hypothesisId":"H6","location":"Auth.php:input","message":"Raw input received","data":{"action":"check_session","email":"","emailLength":0,"emailBytes":""},"timestamp":1778223117822}
{"sessionId":"717d92","runId":"unknown","hypothesisId":"H6","location":"Auth.php:route","message":"Incoming auth action","data":{"action":"check_session","sessionId":"13bn6tj4avitbkhggdouhc0ru7","method":"POST"},"timestamp":1778223117823}
{"sessionId":"717d92","runId":"unknown","hypothesisId":"H6","location":"Auth.php:handleCheckSession:start","message":"Checking current session","data":{"hasUserSession":true,"hasRememberToken":false},"timestamp":1778223117824}
{"sessionId":"717d92","runId":"unknown","hypothesisId":"H6","location":"Auth.php:handleCheckSession:active","message":"Active session found","data":{"userId":47},"timestamp":1778223117825}
{"sessionId":"717d92","runId":"run_1778223119113","hypothesisId":"H6","location":"Auth.php:input","message":"Raw input received","data":{"action":"check_session","email":"","emailLength":0,"emailBytes":""},"timestamp":1778223119130}
{"sessionId":"717d92","runId":"run_1778223119113","hypothesisId":"H6","location":"Auth.php:route","message":"Incoming auth action","data":{"action":"check_session","sessionId":"13bn6tj4avitbkhggdouhc0ru7","method":"POST"},"timestamp":1778223119132}
{"sessionId":"717d92","runId":"run_1778223119113","hypothesisId":"H6","location":"Auth.php:handleCheckSession:start","message":"Checking current session","data":{"hasUserSession":true,"hasRememberToken":false},"timestamp":1778223119133}
{"sessionId":"717d92","runId":"run_1778223119113","hypothesisId":"H6","location":"Auth.php:handleCheckSession:active","message":"Active session found","data":{"userId":47},"timestamp":1778223119133}
{"sessionId":"717d92","runId":"unknown","hypothesisId":"H6","location":"Auth.php:input","message":"Raw input received","data":{"action":"check_session","email":"","emailLength":0,"emailBytes":""},"timestamp":1778223121575}
{"sessionId":"717d92","runId":"unknown","hypothesisId":"H6","location":"Auth.php:route","message":"Incoming auth action","data":{"action":"check_session","sessionId":"13bn6tj4avitbkhggdouhc0ru7","method":"POST"},"timestamp":1778223121576}
{"sessionId":"717d92","runId":"unknown","hypothesisId":"H6","location":"Auth.php:handleCheckSession:start","message":"Checking current session","data":{"hasUserSession":true,"hasRememberToken":false},"timestamp":1778223121578}
{"sessionId":"717d92","runId":"unknown","hypothesisId":"H6","location":"Auth.php:handleCheckSession:active","message":"Active session found","data":{"userId":47},"timestamp":1778223121580}
{"sessionId":"717d92","runId":"run_1778223507874","hypothesisId":"H6","location":"Auth.php:input","message":"Raw input received","data":{"action":"check_session","email":"","emailLength":0,"emailBytes":""},"timestamp":1778223507912}
{"sessionId":"717d92","runId":"run_1778223507874","hypothesisId":"H6","location":"Auth.php:route","message":"Incoming auth action","data":{"action":"check_session","sessionId":"13bn6tj4avitbkhggdouhc0ru7","method":"POST"},"timestamp":1778223507915}
{"sessionId":"717d92","runId":"run_1778223507874","hypothesisId":"H6","location":"Auth.php:handleCheckSession:start","message":"Checking current session","data":{"hasUserSession":true,"hasRememberToken":false},"timestamp":1778223507916}
{"sessionId":"717d92","runId":"run_1778223507874","hypothesisId":"H6","location":"Auth.php:handleCheckSession:active","message":"Active session found","data":{"userId":47},"timestamp":1778223507917}
{"sessionId":"717d92","runId":"unknown","hypothesisId":"H6","location":"Auth.php:input","message":"Raw input received","data":{"action":"check_session","email":"","emailLength":0,"emailBytes":""},"timestamp":1778223510479}
{"sessionId":"717d92","runId":"unknown","hypothesisId":"H6","location":"Auth.php:route","message":"Incoming auth action","data":{"action":"check_session","sessionId":"13bn6tj4avitbkhggdouhc0ru7","method":"POST"},"timestamp":1778223510480}
{"sessionId":"717d92","runId":"unknown","hypothesisId":"H6","location":"Auth.php:handleCheckSession:start","message":"Checking current session","data":{"hasUserSession":true,"hasRememberToken":false},"timestamp":1778223510480}
{"sessionId":"717d92","runId":"unknown","hypothesisId":"H6","location":"Auth.php:handleCheckSession:active","message":"Active session found","data":{"userId":47},"timestamp":1778223510480}
{"sessionId":"717d92","runId":"unknown","hypothesisId":"H6","location":"Auth.php:input","message":"Raw input received","data":{"action":"logout","email":"","emailLength":0,"emailBytes":""},"timestamp":1778223517528}
{"sessionId":"717d92","runId":"unknown","hypothesisId":"H6","location":"Auth.php:route","message":"Incoming auth action","data":{"action":"logout","sessionId":"13bn6tj4avitbkhggdouhc0ru7","method":"POST"},"timestamp":1778223517529}
{"sessionId":"717d92","runId":"run_1778223517607","hypothesisId":"H6","location":"Auth.php:input","message":"Raw input received","data":{"action":"check_session","email":"","emailLength":0,"emailBytes":""},"timestamp":1778223517623}
{"sessionId":"717d92","runId":"run_1778223517607","hypothesisId":"H6","location":"Auth.php:route","message":"Incoming auth action","data":{"action":"check_session","sessionId":"13bn6tj4avitbkhggdouhc0ru7","method":"POST"},"timestamp":1778223517626}
{"sessionId":"717d92","runId":"run_1778223517607","hypothesisId":"H6","location":"Auth.php:handleCheckSession:start","message":"Checking current session","data":{"hasUserSession":false,"hasRememberToken":false},"timestamp":1778223517627}
{"sessionId":"717d92","runId":"run_1778223517607","hypothesisId":"H6","location":"Auth.php:handleCheckSession:none","message":"No active session","data":[],"timestamp":1778223517627}
{"sessionId":"717d92","runId":"run_1778223529331","hypothesisId":"H6","location":"Auth.php:input","message":"Raw input received","data":{"action":"check_session","email":"","emailLength":0,"emailBytes":""},"timestamp":1778223529362}
{"sessionId":"717d92","runId":"run_1778223529331","hypothesisId":"H6","location":"Auth.php:route","message":"Incoming auth action","data":{"action":"check_session","sessionId":"13bn6tj4avitbkhggdouhc0ru7","method":"POST"},"timestamp":1778223529363}
{"sessionId":"717d92","runId":"run_1778223529331","hypothesisId":"H6","location":"Auth.php:handleCheckSession:start","message":"Checking current session","data":{"hasUserSession":false,"hasRememberToken":false},"timestamp":1778223529364}
{"sessionId":"717d92","runId":"run_1778223529331","hypothesisId":"H6","location":"Auth.php:handleCheckSession:none","message":"No active session","data":[],"timestamp":1778223529365}
{"sessionId":"717d92","runId":"run_1778224627213","hypothesisId":"H6","location":"Auth.php:input","message":"Raw input received","data":{"action":"check_session","email":"","emailLength":0,"emailBytes":""},"timestamp":1778224627269}
{"sessionId":"717d92","runId":"run_1778224627213","hypothesisId":"H6","location":"Auth.php:route","message":"Incoming auth action","data":{"action":"check_session","sessionId":"5fd7smq80bgnd9v5mc44alupfg","method":"POST"},"timestamp":1778224627275}
{"sessionId":"717d92","runId":"run_1778224627213","hypothesisId":"H6","location":"Auth.php:handleCheckSession:start","message":"Checking current session","data":{"hasUserSession":false,"hasRememberToken":false},"timestamp":1778224627276}
{"sessionId":"717d92","runId":"run_1778224627213","hypothesisId":"H6","location":"Auth.php:handleCheckSession:none","message":"No active session","data":[],"timestamp":1778224627277}
{"sessionId":"717d92","runId":"run_1778224627213","hypothesisId":"H6","location":"Auth.php:input","message":"Raw input received","data":{"action":"login","email":"beejab919@gmail.com","emailLength":19,"emailBytes":"6265656a616239313940676d61696c2e636f6d"},"timestamp":1778224635117}
{"sessionId":"717d92","runId":"run_1778224627213","hypothesisId":"H6","location":"Auth.php:route","message":"Incoming auth action","data":{"action":"login","sessionId":"5fd7smq80bgnd9v5mc44alupfg","method":"POST"},"timestamp":1778224635118}
{"sessionId":"717d92","runId":"run_1778224627213","hypothesisId":"H1","location":"Auth.php:handleLogin:start","message":"Login request received","data":{"email":"beejab919@gmail.com","hasPassword":true,"sessionId":"5fd7smq80bgnd9v5mc44alupfg"},"timestamp":1778224635120}
{"sessionId":"717d92","runId":"run_1778224627213","hypothesisId":"H1","location":"Auth.php:handleLogin:userFetch","message":"User fetched from DB","data":{"email":"beejab919@gmail.com","userFound":true,"userProvider":"email"},"timestamp":1778224635148}
{"sessionId":"717d92","runId":"run_1778224627213","hypothesisId":"H1","location":"Auth.php:handleLogin:staffAdminCheck","message":"Staff/Admin CHECK PASSED","data":{"email":"beejab919@gmail.com","role":"staff","userFound":true},"timestamp":1778224635149}
{"sessionId":"717d92","runId":"run_1778224627213","hypothesisId":"H1","location":"Auth.php:handleLogin:password","message":"Password verification result","data":{"passwordMatch":true},"timestamp":1778224635555}
{"sessionId":"717d92","runId":"run_1778224627213","hypothesisId":"H1","location":"Auth.php:handleLogin:staffAdmin","message":"Staff/Admin login \u2014 bypassing OTP","data":{"userId":47,"role":"staff"},"timestamp":1778224635556}
{"sessionId":"717d92","runId":"run_1778225475410","hypothesisId":"H6","location":"Auth.php:input","message":"Raw input received","data":{"action":"check_session","email":"","emailLength":0,"emailBytes":""},"timestamp":1778225475463}
{"sessionId":"717d92","runId":"run_1778225475410","hypothesisId":"H6","location":"Auth.php:route","message":"Incoming auth action","data":{"action":"check_session","sessionId":"nr8i0hk9c91vi26bj0vh1shfnt","method":"POST"},"timestamp":1778225475466}
{"sessionId":"717d92","runId":"run_1778225475410","hypothesisId":"H6","location":"Auth.php:handleCheckSession:start","message":"Checking current session","data":{"hasUserSession":true,"hasRememberToken":false},"timestamp":1778225475467}
{"sessionId":"717d92","runId":"run_1778225475410","hypothesisId":"H6","location":"Auth.php:handleCheckSession:active","message":"Active session found","data":{"userId":47},"timestamp":1778225475468}
{"sessionId":"717d92","runId":"unknown","hypothesisId":"H6","location":"Auth.php:input","message":"Raw input received","data":{"action":"check_session","email":"","emailLength":0,"emailBytes":""},"timestamp":1778225477895}
{"sessionId":"717d92","runId":"unknown","hypothesisId":"H6","location":"Auth.php:route","message":"Incoming auth action","data":{"action":"check_session","sessionId":"nr8i0hk9c91vi26bj0vh1shfnt","method":"POST"},"timestamp":1778225477895}
{"sessionId":"717d92","runId":"unknown","hypothesisId":"H6","location":"Auth.php:handleCheckSession:start","message":"Checking current session","data":{"hasUserSession":true,"hasRememberToken":false},"timestamp":1778225477896}
{"sessionId":"717d92","runId":"unknown","hypothesisId":"H6","location":"Auth.php:handleCheckSession:active","message":"Active session found","data":{"userId":47},"timestamp":1778225477896}
{"sessionId":"717d92","runId":"unknown","hypothesisId":"H6","location":"Auth.php:input","message":"Raw input received","data":{"action":"logout","email":"","emailLength":0,"emailBytes":""},"timestamp":1778225479998}
{"sessionId":"717d92","runId":"unknown","hypothesisId":"H6","location":"Auth.php:route","message":"Incoming auth action","data":{"action":"logout","sessionId":"nr8i0hk9c91vi26bj0vh1shfnt","method":"POST"},"timestamp":1778225480000}
{"sessionId":"717d92","runId":"run_1778225480047","hypothesisId":"H6","location":"Auth.php:input","message":"Raw input received","data":{"action":"check_session","email":"","emailLength":0,"emailBytes":""},"timestamp":1778225480081}
{"sessionId":"717d92","runId":"run_1778225480047","hypothesisId":"H6","location":"Auth.php:route","message":"Incoming auth action","data":{"action":"check_session","sessionId":"nr8i0hk9c91vi26bj0vh1shfnt","method":"POST"},"timestamp":1778225480081}
{"sessionId":"717d92","runId":"run_1778225480047","hypothesisId":"H6","location":"Auth.php:handleCheckSession:start","message":"Checking current session","data":{"hasUserSession":false,"hasRememberToken":false},"timestamp":1778225480082}
{"sessionId":"717d92","runId":"run_1778225480047","hypothesisId":"H6","location":"Auth.php:handleCheckSession:none","message":"No active session","data":[],"timestamp":1778225480082}
{"sessionId":"717d92","runId":"run_1778225480047","hypothesisId":"H6","location":"Auth.php:input","message":"Raw input received","data":{"action":"login","email":"admin@gmail.com","emailLength":15,"emailBytes":"61646d696e40676d61696c2e636f6d"},"timestamp":1778225504878}
{"sessionId":"717d92","runId":"run_1778225480047","hypothesisId":"H6","location":"Auth.php:route","message":"Incoming auth action","data":{"action":"login","sessionId":"nr8i0hk9c91vi26bj0vh1shfnt","method":"POST"},"timestamp":1778225504880}
{"sessionId":"717d92","runId":"run_1778225480047","hypothesisId":"H1","location":"Auth.php:handleLogin:start","message":"Login request received","data":{"email":"admin@gmail.com","hasPassword":true,"sessionId":"nr8i0hk9c91vi26bj0vh1shfnt"},"timestamp":1778225504880}
{"sessionId":"717d92","runId":"run_1778225480047","hypothesisId":"H1","location":"Auth.php:handleLogin:userFetch","message":"User fetched from DB","data":{"email":"admin@gmail.com","userFound":true,"userProvider":"email"},"timestamp":1778225504911}
{"sessionId":"717d92","runId":"run_1778225480047","hypothesisId":"H1","location":"Auth.php:handleLogin:staffAdminCheck","message":"Staff/Admin CHECK PASSED","data":{"email":"admin@gmail.com","role":"admin","userFound":true},"timestamp":1778225504912}
{"sessionId":"717d92","runId":"run_1778225480047","hypothesisId":"H1","location":"Auth.php:handleLogin:password","message":"Password verification result","data":{"passwordMatch":true},"timestamp":1778225505325}
{"sessionId":"717d92","runId":"run_1778225480047","hypothesisId":"H1","location":"Auth.php:handleLogin:staffAdmin","message":"Staff/Admin login \u2014 bypassing OTP","data":{"userId":25,"role":"admin"},"timestamp":1778225505326}
{"sessionId":"717d92","runId":"unknown","hypothesisId":"H6","location":"Auth.php:input","message":"Raw input received","data":{"action":"check_session","email":"","emailLength":0,"emailBytes":""},"timestamp":1778226081801}
{"sessionId":"717d92","runId":"unknown","hypothesisId":"H6","location":"Auth.php:route","message":"Incoming auth action","data":{"action":"check_session","sessionId":"ftk0j6tlnit9srtp6coso057hc","method":"POST"},"timestamp":1778226081804}
{"sessionId":"717d92","runId":"unknown","hypothesisId":"H6","location":"Auth.php:handleCheckSession:start","message":"Checking current session","data":{"hasUserSession":true,"hasRememberToken":false},"timestamp":1778226081804}
{"sessionId":"717d92","runId":"unknown","hypothesisId":"H6","location":"Auth.php:handleCheckSession:active","message":"Active session found","data":{"userId":25},"timestamp":1778226081805}
{"sessionId":"717d92","runId":"run_1778229874841","hypothesisId":"H6","location":"Auth.php:input","message":"Raw input received","data":{"action":"check_session","email":"","emailLength":0,"emailBytes":""},"timestamp":1778229874880}
{"sessionId":"717d92","runId":"run_1778229874841","hypothesisId":"H6","location":"Auth.php:route","message":"Incoming auth action","data":{"action":"check_session","sessionId":"ftk0j6tlnit9srtp6coso057hc","method":"POST"},"timestamp":1778229874881}
{"sessionId":"717d92","runId":"run_1778229874841","hypothesisId":"H6","location":"Auth.php:handleCheckSession:start","message":"Checking current session","data":{"hasUserSession":true,"hasRememberToken":false},"timestamp":1778229874882}
{"sessionId":"717d92","runId":"run_1778229874841","hypothesisId":"H6","location":"Auth.php:handleCheckSession:active","message":"Active session found","data":{"userId":25},"timestamp":1778229874883}
{"sessionId":"717d92","runId":"unknown","hypothesisId":"H6","location":"Auth.php:input","message":"Raw input received","data":{"action":"check_session","email":"","emailLength":0,"emailBytes":""},"timestamp":1778229877314}
{"sessionId":"717d92","runId":"unknown","hypothesisId":"H6","location":"Auth.php:route","message":"Incoming auth action","data":{"action":"check_session","sessionId":"ftk0j6tlnit9srtp6coso057hc","method":"POST"},"timestamp":1778229877317}
{"sessionId":"717d92","runId":"unknown","hypothesisId":"H6","location":"Auth.php:handleCheckSession:start","message":"Checking current session","data":{"hasUserSession":true,"hasRememberToken":false},"timestamp":1778229877317}
{"sessionId":"717d92","runId":"unknown","hypothesisId":"H6","location":"Auth.php:handleCheckSession:active","message":"Active session found","data":{"userId":25},"timestamp":1778229877318}
{"sessionId":"717d92","runId":"unknown","hypothesisId":"H6","location":"Auth.php:input","message":"Raw input received","data":{"action":"check_session","email":"","emailLength":0,"emailBytes":""},"timestamp":1778231837514}
{"sessionId":"717d92","runId":"unknown","hypothesisId":"H6","location":"Auth.php:route","message":"Incoming auth action","data":{"action":"check_session","sessionId":"abb3ad3bc2rm7eeah0unfg1m6p","method":"POST"},"timestamp":1778231837517}
{"sessionId":"717d92","runId":"unknown","hypothesisId":"H6","location":"Auth.php:handleCheckSession:start","message":"Checking current session","data":{"hasUserSession":true,"hasRememberToken":false},"timestamp":1778231837519}
{"sessionId":"717d92","runId":"unknown","hypothesisId":"H6","location":"Auth.php:handleCheckSession:active","message":"Active session found","data":{"userId":25},"timestamp":1778231837519}
{"sessionId":"717d92","runId":"unknown","hypothesisId":"H6","location":"Auth.php:input","message":"Raw input received","data":{"action":"check_session","email":"","emailLength":0,"emailBytes":""},"timestamp":1778236557197}
{"sessionId":"717d92","runId":"unknown","hypothesisId":"H6","location":"Auth.php:route","message":"Incoming auth action","data":{"action":"check_session","sessionId":"abb3ad3bc2rm7eeah0unfg1m6p","method":"POST"},"timestamp":1778236557200}
{"sessionId":"717d92","runId":"unknown","hypothesisId":"H6","location":"Auth.php:handleCheckSession:start","message":"Checking current session","data":{"hasUserSession":true,"hasRememberToken":false},"timestamp":1778236557201}
{"sessionId":"717d92","runId":"unknown","hypothesisId":"H6","location":"Auth.php:handleCheckSession:active","message":"Active session found","data":{"userId":25},"timestamp":1778236557201}
{"sessionId":"717d92","runId":"unknown","hypothesisId":"H6","location":"Auth.php:input","message":"Raw input received","data":{"action":"check_session","email":"","emailLength":0,"emailBytes":""},"timestamp":1778237810229}
{"sessionId":"717d92","runId":"unknown","hypothesisId":"H6","location":"Auth.php:route","message":"Incoming auth action","data":{"action":"check_session","sessionId":"abb3ad3bc2rm7eeah0unfg1m6p","method":"POST"},"timestamp":1778237810233}
{"sessionId":"717d92","runId":"unknown","hypothesisId":"H6","location":"Auth.php:handleCheckSession:start","message":"Checking current session","data":{"hasUserSession":true,"hasRememberToken":false},"timestamp":1778237810234}
{"sessionId":"717d92","runId":"unknown","hypothesisId":"H6","location":"Auth.php:handleCheckSession:active","message":"Active session found","data":{"userId":25},"timestamp":1778237810235}
{"sessionId":"717d92","runId":"unknown","hypothesisId":"H6","location":"Auth.php:input","message":"Raw input received","data":{"action":"check_session","email":"","emailLength":0,"emailBytes":""},"timestamp":1778239728623}
{"sessionId":"717d92","runId":"unknown","hypothesisId":"H6","location":"Auth.php:route","message":"Incoming auth action","data":{"action":"check_session","sessionId":"abb3ad3bc2rm7eeah0unfg1m6p","method":"POST"},"timestamp":1778239728626}
{"sessionId":"717d92","runId":"unknown","hypothesisId":"H6","location":"Auth.php:handleCheckSession:start","message":"Checking current session","data":{"hasUserSession":true,"hasRememberToken":false},"timestamp":1778239728627}
{"sessionId":"717d92","runId":"unknown","hypothesisId":"H6","location":"Auth.php:handleCheckSession:active","message":"Active session found","data":{"userId":25},"timestamp":1778239728628}
